gene,study_count
GSTP1,12
AOX1,6
APC,6
CDKN2A,6
HOXD3,6
PTGS2,6
RARB,6
WT1,6
ZNF154,6
C20orf103,5
EFS,5
HOXC11,5
LHX9,5
RUNX3,5
TBX15,5
BARHL2,4
BDNF,4
CCDC8,4
CYP27A1,4
DLX1,4
EN2,4
ESR1,4
FBLN1,4
FOXE3,4
GP5,4
GRASP,4
HHEX,4
HOXA3,4
HOXD4,4
HOXD8,4
IRX1,4
KIT,4
LBX1,4
LHX2,4
NKX2-1,4
NKX2-2,4
NKX2-5,4
PHOX2A,4
POU3F3,4
RHCG,4
SIX6,4
TBX3,4
TMEM106A,4
VAX1,4
WNT2,4
AKAP2,3
ALG12,3
ALX3,3
ANXA2,3
ARX,3
BARHL1,3
BMP4,3
C1orf114,3
C20orf144,3
CACNA1D,3
CACNA1G,3
CD40,3
CD44,3
CD8A,3
CDH13,3
CDX2,3
CDX4,3
CHMP4A,3
CLIP4,3
CNR1,3
COCH,3
COL4A2,3
COL9A2,3
CRHBP,3
CTBP2,3
DAB1,3
DARC,3
DLX4,3
DOCK1,3
EDNRA,3
EFEMP1,3
ELF4,3
EPSTI1,3
EVX1,3
FBP1,3
FEV,3
FEZF2,3
FGF8,3
FLNC,3
FOXB2,3
FOXD2,3
GAS6,3
GBX2,3
GPR50,3
GREM1,3
GSX2,3
HES5,3
HEXA,3
HFE,3
HIF3A,3
HIST1H4F,3
HMGCLL1,3
HNF1B,3
HOXA11,3
HOXA9,3
HOXB6,3
HOXB8,3
HOXC13,3
HOXC4,3
HOXD9,3
HS3ST1,3
HTR1B,3
IGFBP4,3
IRX5,3
IRX6,3
ISL2,3
KLK10,3
LHX1,3
LHX3,3
LHX5,3
LHX6,3
LMX1B,3
LPAR1,3
MEIS2,3
MEOX2,3
MFAP2,3
MNX1,3
MOBKL2B,3
MSX1,3
NKX2-3,3
ONECUT2,3
OTP,3
OTX2,3
PAGE4,3
PAX3,3
PAX5,3
PDGFRA,3
PDGFRB,3
PDX1,3
PITX2,3
POU3F2,3
POU4F1,3
POU4F3,3
PROM1,3
RASSF1A,3
RAX,3
RB1,3
RGS12,3
RND2,3
SIX2,3
SLC16A5,3
SLC22A16,3
SOX17,3
SOX9,3
SPATA6,3
SSTR1,3
TFAP2A,3
TGFB1,3
TLX1,3
TMEM176B,3
TNFRSF10C,3
TP73,3
TPM4,3
TRPS1,3
UCN,3
ULBP1,3
VSX1,3
VWC2,3
WDR86,3
WIT1,3
WNT16,3
ZIC3,3
ZNF334,3
A4GALT,2
ABCA3,2
ABCB6,2
ABCG1,2
ABHD9,2
ABP1,2
ACD,2
ACOXL,2
ACSF2,2
ACTA1,2
ACTB,2
ACTL6B,2
ACTL7A,2
ADAM12,2
ADAMTS5,2
ADCY1,2
ADCY4,2
ADHFE1,2
ADNP,2
ADRM1,2
AEBP1,2
AES,2
AGBL2,2
AGER,2
ALDH1L1,2
ALDH7A1,2
ALOX15,2
ALOX15B,2
ALPL,2
ALX1,2
ALX4,2
AMPD3,2
ANKRD53,2
ANKRD7,2
ANXA6,2
APOA1,2
AQP8,2
ARHGAP9,2
ARHGEF4,2
ARL9,2
ATP2A1,2
AXL,2
B3GNT1,2
B3GNT8,2
BAMBI,2
BARX1,2
BARX2,2
BAX,2
BCL11B,2
BCL2,2
BCOR,2
BHMT,2
BMP2,2
BMP7,2
BMPER,2
BRD4,2
BRSK1,2
BSND,2
BST1,2
BTG4,2
BTN1A1,2
BVES,2
C10orf12,2
C10orf93,2
C14orf159,2
C16orf72,2
C18orf1,2
C1orf38,2
C1orf49,2
C1orf87,2
C20orf165,2
C21orf33,2
C4orf8,2
C6orf146,2
C6orf15,2
C7orf20,2
C8orf76,2
CACNA2D2,2
CALCA,2
CALML4,2
CAMP,2
CAMSAP1,2
CAPG,2
CAPN3,2
CAPN9,2
CARD14,2
CATSPER1,2
CAV1,2
CAV3,2
CBLN1,2
CCDC13,2
CCDC140,2
CCDC48,2
CCDC80,2
CCL22,2
CCNA1,2
CCS,2
CD38,2
CD81,2
CDC25B,2
CDCA7,2
CDH16,2
CDH3,2
CDKN1B,2
CDKN1C,2
CDO1,2
CDX1,2
CDYL,2
CHI3L1,2
CHIT1,2
CHMP6,2
CHP2,2
CHRM1,2
CHRNA3,2
CHRNB4,2
CHST11,2
CHST7,2
CIITA,2
CLCN1,2
CLDN7,2
CLIP3,2
CMTM2,2
CMTM5,2
CNDP1,2
CNIH3,2
CNOT3,2
COL18A1,2
COL4A1,2
COL7A1,2
COL9A1,2
COX19,2
CPAMD8,2
CPD,2
CPLX2,2
CPNE4,2
CPVL,2
CRELD2,2
CRYAA,2
CRYBB3,2
CTRB1,2
CTSC,2
CX3CR1,2
CXCL1,2
CXCL14,2
CXCL16,2
CXCL5,2
CYB5R3,2
CYBA,2
CYP1A1,2
CYP26C1,2
CYP4F12,2
DBX2,2
DCBLD1,2
DCST1,2
DCST2,2
DGKZ,2
DHH,2
DKFZP586H2123,2
DLX2,2
DLX5,2
DLX6,2
DMBX1,2
DNASE2,2
DND1,2
DOCK2,2
DOK5,2
DPF3,2
DPYSL3,2
DSC3,2
DTX4,2
DUSP15,2
DUSP8,2
DYSF,2
EBF1,2
EBF2,2
EBF3,2
EDNRB,2
EED,2
EID3,2
EIF2AK3,2
EIF5A2,2
ELAVL2,2
EMX1,2
EMX2,2
EN1,2
EPHB6,2
ERRFI1,2
ESR2,2
EVX2,2
EYA4,2
F7,2
FAM109B,2
FAM125B,2
FAM127C,2
FAM162B,2
FAM19A4,2
FAM19A5,2
FAM3B,2
FAM46B,2
FBXL19,2
FBXO39,2
FCN2,2
FCN3,2
FERD3L,2
FEZF1,2
FGD1,2
FGF13,2
FGF5,2
FKBP1B,2
FLJ10357,2
FLJ22662,2
FLJ30058,2
FLJ32447,2
FLNA,2
FLRT2,2
FLT3LG,2
FLT4,2
FMNL3,2
FMOD,2
FOXA2,2
FOXC1,2
FOXC2,2
FOXD3,2
FOXE1,2
FTL,2
FUT2,2
FZD10,2
GABRP,2
GAGE4,2
GALC,2
GALNT17,2
GATA5,2
GDAP1L1,2
GDF10,2
GDF11,2
GDF5,2
GDF6,2
GDPD2,2
GEFT,2
GHSR,2
GJA1,2
GJA3,2
GJB1,2
GNAL,2
GNAS,2
GPC1,2
GPD1,2
GPNMB,2
GPR101,2
GPR124,2
GPR133,2
GPR149,2
GPR150,2
GPR35,2
GPR88,2
GPX3,2
GPX7,2
GRHL3,2
GRM1,2
GRM2,2
GRWD1,2
GSC,2
GSN,2
GSTM1,2
GSTM2,2
GSX1,2
GYPC,2
H1FOO,2
HAAO,2
HAND1,2
HAPLN3,2
HCCA2,2
HDHD3,2
HHIP,2
HIC1,2
HIPK2,2
HIST1H1A,2
HIST1H2BE,2
HIST1H3I,2
HLA-G,2
HLF,2
HLX,2
HOMEZ,2
HOPX,2
HOXA13,2
HOXA4,2
HOXA5,2
HOXA6,2
HOXA7,2
HOXB1,2
HOXB13,2
HOXB4,2
HOXB7,2
HOXC10,2
HOXC12,2
HOXC5,2
HOXC6,2
HOXD1,2
HOXD10,2
HOXD11,2
HOXD13,2
HPD,2
HPS1,2
HPSE2,2
HRASLS5,2
HSPA12B,2
HSPA2,2
HSPA5,2
HTR3C,2
HTRA3,2
HYAL3,2
IER3,2
IGF2BP3,2
IGFBP6,2
IGSF8,2
IL1R1,2
IL2RB,2
ING5,2
INPP5A,2
INSM1,2
ISL1,2
ISLR2,2
ITGAL,2
ITGB2,2
ITIH5,2
JAG2,2
JAM2,2
JMJD1A,2
JPH2,2
KCNA4,2
KCNAB1,2
KCNC2,2
KCNE3,2
KCNH6,2
KCNK4,2
KCNQ1,2
KIAA0802,2
KIAA1026,2
KIAA1267,2
KIF26A,2
KLF1,2
KLF2,2
KLF8,2
KLHDC8A,2
KLK14,2
KLK4,2
LAMA3,2
LAMB1,2
LAYN,2
LBX2,2
LCK,2
LCTL,2
LEP,2
LGALS1,2
LGALS3,2
LGI4,2
LHFPL4,2
LIM2,2
LIPT1,2
LMOD1,2
LMX1A,2
LOXL1,2
LRAT,2
LRFN5,2
LRP1B,2
LRRFIP1,2
LRRK1,2
LRRTM1,2
LTBP3,2
LTK,2
LYNX1,2
MADCAM1,2
MAGEL2,2
MAN1C1,2
MAP1A,2
MAP1LC3A,2
MAPK13,2
MAPK15,2
MAPKBP1,2
MAPT,2
MATK,2
MCAM,2
MCF2L,2
MCOLN2,2
MDR1,2
ME3,2
MEIS1,2
MEIS3,2
MEOX1,2
MEST,2
MFRP,2
MGC42105,2
MGMT,2
MICALL2,2
MKX,2
MLN,2
MPPED2,2
MRAS,2
MSX2,2
MT1G,2
MYH7,2
MYL3,2
MYO18B,2
MYOM2,2
NAALADL1,2
NBEA,2
NCOR2,2
NCR2,2
NDUFS2,2
NEU1,2
NEUROG1,2
NFAM1,2
NFATC1,2
NFATC3,2
NFE2L3,2
NFKB2,2
NGEF,2
NHLH2,2
NKX2-6,2
NKX2-8,2
NKX3-2,2
NKX6-1,2
NKX6-2,2
NNAT,2
NNT,2
NPFF,2
NPHP4,2
NPR3,2
NR0B1,2
NR1H3,2
NR2E1,2
NR3C1,2
NR5A1,2
NRSN2,2
NRXN1,2
NRXN2,2
NUDT1,2
NXPH1,2
OAS2,2
OLFML2A,2
OLIG2,2
OLIG3,2
ONECUT1,2
OSBPL5,2
OSBPL9,2
P2RX2,2
PABPC3,2
PABPC5,2
PAGE5,2
PAM,2
PAQR5,2
PARP9,2
PAX2,2
PAX4,2
PAX6,2
PAX8,2
PBX1,2
PBX2,2
PCDH8,2
PCDHGA12,2
PCTK3,2
PDE4B,2
PDZK1IP1,2
PEG10,2
PENK,2
PFKP,2
PHC2,2
PHLDA3,2
PHOX2B,2
PITPNM3,2
PITX1,2
PKDREJ,2
PKNOX2,2
PKP1,2
PLA2G2E,2
PLA2G2F,2
PLA2G3,2
PLEKHB1,2
PLEKHG6,2
PMP22,2
PODN,2
PODXL,2
POPDC2,2
POU2F2,2
POU3F1,2
POU3F4,2
POU4F2,2
POU5F1,2
PPAP2C,2
PPL,2
PPP2R2A,2
PPP2R2D,2
PPY,2
PRDM12,2
PRDM16,2
PRKAG2,2
PRKCE,2
PRKG1,2
PRM1,2
PROC,2
PRRX1,2
PTF1A,2
PTGDR,2
PTGER2,2
PTGER3,2
PTPRK,2
PTTG1IP,2
PXMP4,2
PYCARD,2
RAB23,2
RAB33A,2
RAB34,2
RAB42,2
RAB6B,2
RARRES1,2
RARRES2,2
RARRES3,2
RASA3,2
RASSF1,2
RBP5,2
RGMA,2
RGN,2
RHBDF1,2
RHO,2
RHOD,2
RHOQ,2
RHOXF2B,2
RIF1,2
RPS6KL1,2
RSPO2,2
RTKN,2
RUNDC3B,2
RUNX1T1,2
S100A1,2
S100A16,2
S1PR3,2
SACS,2
SBSN,2
SCARB1,2
SCGB2A2,2
SCGB3A1,2
SEMA5A,2
9-Sep,2
SESN3,2
SFRP1,2
SFTPC,2
SGK1,2
SH3RF2,2
SH3TC2,2
SHH,2
SHOX,2
SHOX2,2
SIM1,2
SLC12A5,2
SLC13A3,2
SLC16A2,2
SLC22A13,2
SLC25A20,2
SLC27A6,2
SLC28A1,2
SLC2A10,2
SLC2A2,2
SLC2A4,2
SLC34A2,2
SLC36A4,2
SLC5A1,2
SLC6A15,2
SLC6A5,2
SLC6A6,2
SLC6A7,2
SLC7A6OS,2
SLCO3A1,2
SLFN11,2
SLIT2,2
SMARCA2,2
SMPD2,2
SNCA,2
SNTG1,2
SORCS3,2
SOX14,2
SP100,2
SP2,2
SP8,2
SPAG16,2
SPATA18,2
SPI1,2
SPSB4,2
SPTBN1,2
SPTBN2,2
SRC,2
SSPN,2
ST8SIA2,2
STEAP3,2
STK24,2
STK32B,2
STMN1,2
SUSD4,2
SV2C,2
SYN2,2
SYNGR1,2
SYT10,2
SYT5,2
TAC1,2
TACC1,2
TACR2,2
TACR3,2
TBC1D8,2
TBPL2,2
TBX5,2
TCF7,2
TCF7L1,2
TCP10,2
TDG,2
TEKT2,2
TEPP,2
TET2,2
TF,2
TFF2,2
THBS4,2
THRSP,2
TIAF1,2
TJP3,2
TLX2,2
TLX3,2
TMEM179,2
TMEM220,2
TMEM26,2
TMLHE,2
TNFRSF10D,2
TNFSF11,2
TNNC2,2
TNS1,2
TPM1,2
TREML1,2
TRH,2
TRIM10,2
TRIM54,2
TRIM60,2
TRIM67,2
TRPM8,2
TSHZ2,2
TSHZ3,2
TSKS,2
TSPYL5,2
TSSK4,2
TTC22,2
TTLL10,2
TUBA4A,2
TULP1,2
TWIST1,2
TXNRD2,2
UBA7,2
UGT1A1,2
UGT3A1,2
USP44,2
USP6,2
VAMP5,2
VAX2,2
VEGFC,2
VENTX,2
VHL,2
VILL,2
VSNL1,2
VSX2,2
VWA2,2
WBSCR17,2
WDR27,2
WDR5B,2
WFDC2,2
WISP1,2
WNT11,2
WNT5B,2
ZCCHC13,2
ZDHHC19,2
ZFHX4,2
ZFP64,2
ZHX3,2
ZIC5,2
ZIK1,2
ZNF135,2
ZNF142,2
ZNF146,2
ZNF169,2
ZNF22,2
ZNF30,2
ZNF543,2
ZNF572,2
ZNF623,2
ZNF626,2
ZNF655,2
ZNF662,2
ZNF671,2
ZSCAN12,2
JUN,1
SAT,1
5S-RNA,1
A1BG,1
A26C1A,1
A26C1B,1
A2BP1,1
A3GALT2,1
A4GNT,1
AADAC,1
AASS,1
ABCA1,1
ABCA4,1
ABCB11,1
ABCB4,1
ABCB9,1
ABCC12,1
ABCC4,1
ABCC8,1
ABCG5,1
ABCG8,1
ABHD1,1
ABHD10,1
ABHD11,1
ABI3,1
ABLIM1,1
ABLIM2,1
ABO,1
ABR,1
ABRA,1
ABT1,1
AC008403.1,1
AC069281.2,1
AC084864.2,1
AC092502.2,1
AC095061.1,1
ACA9,1
ACAA1,1
ACADM,1
ACAT1,1
ACAT2,1
ACBD4,1
ACBD5,1
ACCN1,1
ACCN4,1
ACIN1,1
ACOT11,1
ACOT2,1
ACP1,1
ACP5,1
ACP6,1
ACPL2,1
ACRBP,1
ACRV1,1
ACSBG1,1
ACSL1,1
ACSS1,1
ACSS3,1
ACTC1,1
ACTG2,1
ACTL7B,1
ACTN2,1
ACTN3,1
ACTR6,1
ACVR2A,1
ACVRL1,1
ACY1,1
ADA,1
ADAM2,1
ADAM22,1
ADAM23,1
ADAM30,1
ADAM32,1
ADAMTS1,1
ADAMTS10,1
ADAMTS12,1
ADAMTS13,1
ADAMTS15,1
ADAMTS17,1
ADAMTS19,1
ADAMTS2,1
ADAMTS20,1
ADAMTS3,1
ADAMTS4,1
ADAMTS7,1
ADAMTSL1,1
ADAMTSL3,1
ADAMTSL5,1
ADAR,1
ADC,1
ADCY6,1
ADCY7,1
ADCY9,1
ADCYAP1,1
ADCYAP1R1,1
ADD1,1
ADD3,1
ADFP,1
ADIG,1
ADIPOQ,1
ADK,1
ADM,1
ADMR,1
ADNP2,1
ADORA2B,1
ADPRHL1,1
ADRA1A,1
ADRA1B,1
ADRA2A,1
ADRA2B,1
ADRB2,1
ADRB3,1
AEBP2,1
AFAP1L1,1
AFAP1L2,1
AFAR3,1
AFF2,1
AFF3,1
AFF4,1
AGK,1
AGPAT4,1
AGRP,1
AGTRAP,1
AGXT2L2,1
AHNAK,1
AIFM2,1
AIM1L,1
AJAP1,1
AK2,1
AK5,1
AKAP10,1
AKNA,1
AKR1B1,1
AKR1D1,1
AKT1,1
AKTIP,1
AL096711.1,1
AL132857.1,1
AL160397.2,1
AL590623.1,1
ALDH1A2,1
ALDH1A3,1
ALDH3A2,1
ALDOA,1
ALKBH4,1
ALLC,1
ALOX12,1
ALOX5,1
ALPI,1
ALPP,1
ALPPL2,1
ALS2CL,1
ALS2CR,1
ALS2CR11,1
ALS2CR12,1
AMAC1,1
AMHR2,1
AMID,1
AMMECR1,1
AMN,1
AMOTL1,1
AMOTL2,1
AMPH,1
AMT,1
AMY2B,1
ANG,1
ANGPTL2,1
ANGPTL7,1
ANKDD1A,1
ANKK1,1
ANKMY1,1
ANKRD13B,1
ANKRD15,1
ANKRD2,1
ANKRD20A3,1
ANKRD23,1
ANKRD24,1
ANKRD27,1
ANKRD28,1
ANKRD34B,1
ANKRD39,1
ANKRD44,1
ANKRD45,1
ANKS3,1
ANP32B,1
ANP32D,1
ANXA1,1
ANXA9,1
AOC2,1
AP1G2,1
AP3B2,1
AP3M1,1
AP3M2,1
APBA2,1
APBA3,1
APBB1,1
APBB1IP,1
APCDD1L,1
APITD1,1
APLN,1
APOB48R,1
APOBEC2,1
APOBEC3C,1
APOC2,1
APOE,1
APOL3,1
APOL6,1
APOM,1
AQP11,1
AQP2,1
AQP4,1
AR,1
ARAP3,1
ARF1,1
ARFGAP1,1
ARFGAP2,1
ARFGEF1,1
ARG2,1
ARHGAP19,1
ARHGAP20,1
ARHGAP21,1
ARHGAP26,1
ARHGAP30,1
ARHGDIG,1
ARHGEF1,1
ARHGEF16,1
ARHGEF17,1
ARHGEF19,1
ARHGEF3,1
ARHGEF7,1
ARID3A,1
ARID3C,1
ARID5A,1
ARIH2,1
ARL4C,1
ARL6,1
ARMC3,1
ARMCX1,1
ARMCX2,1
ARNTL,1
ARP10,1
ARPC1B,1
ARPC4,1
ARRB2,1
ARRDC2,1
ARSG,1
ARSI,1
ART3,1
ARTN,1
ARVCF,1
AS3MT,1
ASAP3,1
ASB2,1
ASC,1
ASCL1,1
ASCL2,1
ASGR2,1
ASH1L,1
ASIP,1
ASPN,1
ASTL,1
ASTN1,1
ASXL1,1
ASXL3,1
ASZ1,1
ATAD3A,1
ATAD3C,1
ATAD4,1
ATF3,1
ATF4,1
ATG5,1
ATG7,1
ATG9B,1
ATM,1
ATOH1,1
ATOH8,1
ATP10A,1
ATP11A,1
ATP12A,1
ATP1A4,1
ATP1B1,1
ATP2B1,1
ATP2B3,1
ATP2B4,1
ATP2C2,1
ATP5D,1
ATP5G3,1
ATP5I,1
ATP5SL,1
ATP6V0A4,1
ATP6V0C,1
ATP6V0D1,1
ATP6V1B1,1
ATP6V1C1,1
ATP6V1D,1
ATP6V1E2,1
ATP6V1G2,1
ATP8A1,1
ATP8A2,1
ATP8B1,1
ATP8B2,1
ATP9A,1
ATPBD3,1
ATXN2,1
ATXN2L,1
ATXN7L1,1
ATXN7L2,1
ATXN7L3,1
ATXN8OS,1
AURKAIP1,1
AXUD1,1
AZI1,1
B3GALNT1,1
B3GALNT2,1
B3GALT4,1
B3GAT1,1
B3GNT3,1
B4GALNT1,1
B4GALNT3,1
B4GALNT4,1
BAALC,1
BACE,1
BACE1,1
BAD,1
BAG1,1
BAI1,1
BAK1,1
BANP,1
BARD1,1
BAT2,1
BAT4,1
BCAM,1
BCAN,1
BCAR1,1
BCAS1,1
BCAT2,1
BCDIN3,1
BCL2A1,1
BCL2L10,1
BCL2L11,1
BCL6B,1
BCL9,1
BCS1L,1
BDKRB2,1
BDP1,1
BECN1,1
BEND4,1
BEND6,1
BEST1,1
BEST4,1
BGLAP,1
BHLHB3,1
BHLHB5,1
BHLHB8,1
BHLHE22,1
BHMT2,1
BICD2,1
BID,1
BIN1,1
BIN2,1
BIRC1,1
BIRC3,1
BIRC5,1
BIRC7,1
BLCAP,1
BLVRB,1
BLZF1,1
BMF,1
BMI1,1
BMP3,1
BMP6,1
BNC2,1
BNIP3,1
BNIPL,1
BOC,1
BPIL3,1
BRCA1,1
BRD1,1
BRDT,1
BRF1,1
BRMS1,1
BRMS1L,1
BRP44L,1
BRUNOL6,1
BSCL2,1
BST2,1
BTBD11,1
BTBD16,1
BTBD8,1
BTF3,1
BTNL2,1
BUD13,1
C10orf141,1
C10orf2,1
C10orf27,1
C10orf33,1
C10orf35,1
C10orf53,1
C10orf59,1
C10orf62,1
C10orf65,1
C10orf67,1
C10orf71,1
C10orf72,1
C10orf82,1
C10orf88,1
C10orf95,1
C10orf99,1
C11orf42,1
C11orf47,1
C11orf55,1
C11orf66,1
C11orf71,1
C11orf82,1
C11orf9,1
C11orf95,1
C12orf12,1
C12orf23,1
C12orf44,1
C12orf46,1
C12orf51,1
C12orf56,1
C12orf62,1
C13orf18,1
C13orf26,1
C13orf33,1
C14orf105,1
C14orf119,1
C14orf139,1
C14orf147,1
C14orf148,1
C14orf151,1
C14orf152,1
C14orf166B,1
C14orf169,1
C14orf177,1
C14orf39,1
C14orf54,1
C14orf68,1
C14orf8,1
C14orf80,1
C14orf94,1
C15orf24,1
C15orf26,1
C15orf43,1
C15orf48,1
C15orf56,1
C16orf5,1
C16orf62,1
C16orf70,1
C16orf71,1
C16orf74,1
C16orf75,1
C17orf100,1
C17orf28,1
C17orf44,1
C17orf46,1
C17orf64,1
C17orf76,1
C18ORF34,1
C18orf51,1
C19orf15,1
C19orf18,1
C19orf28,1
C19orf40,1
C19orf51,1
C19orf52,1
C19orf55,1
C19orf66,1
C1orf105,1
C1orf106,1
C1orf111,1
C1orf113,1
C1orf177,1
C1orf179,1
C1orf183,1
C1orf190,1
C1orf2,1
C1orf201,1
C1orf220,1
C1orf54,1
C1orf67,1
C1orf92,1
C1orf94,1
C1orf96,1
C1QA,1
C1QB,1
C1QL1,1
C1QL2,1
C1QTNF1,1
C1QTNF4,1
C1QTNF6,1
C20orf112,1
C20orf114,1
C20orf116,1
C20orf135,1
C20orf141,1
C20orf173,1
C20orf177,1
C20orf185,1
C20orf195,1
C20orf197,1
C20orf23,1
C20orf24,1
C20orf29,1
C20orf39,1
C20orf4,1
C20orf46,1
C20orf7,1
C20orf70,1
C20orf82,1
C20orf85,1
C20orf94,1
C21orf123,1
C21orf129,1
C21orf13,1
C21orf29,1
C21orf56,1
C21orf77,1
C21orf86,1
C22orf32,1
C22orf36,1
C22orf9,1
C2CD2,1
C2CD3,1
C2orf15,1
C2orf39,1
C2orf40,1
C2orf43,1
C2orf50,1
C2orf65,1
C2orf70,1
C2orf72,1
C3,1
C3orf14,1
C3orf15,1
C3orf24,1
C3orf25,1
C3orf27,1
C3orf31,1
C3orf35,1
C3orf36,1
C3orf39,1
C3orf40,1
C3orf44,1
C3orf45,1
C3orf57,1
C3orf64,1
C3orf70,1
C4B,1
C4orf31,1
C5orf13,1
C5orf14,1
C5orf28,1
C5orf38,1
C5orf39,1
C5orf4,1
C5orf63,1
C6orf103,1
C6orf122,1
C6orf138,1
C6orf145,1
C6orf150,1
C6orf154,1
C6orf170,1
C6orf186,1
C6orf195,1
C6orf201,1
C6orf206,1
C6orf208,1
C6orf223,1
C6orf25,1
C6orf27,1
C6orf32,1
C6orf65,1
C6orf81,1
C7orf31,1
C7orf34,1
C7orf41,1
C7orf43,1
C7orf46,1
C7orf52,1
C7orf57,1
C8G,1
C8orf17,1
C8orf22,1
C8orf41,1
C8orf78,1
C8ORFK36,1
C9,1
C9orf103,1
C9orf116,1
C9orf125,1
C9orf132,1
C9orf165,1
C9orf19,1
C9orf24,1
C9orf25,1
C9orf4,1
C9orf40,1
C9orf45,1
C9orf48,1
C9orf50,1
C9orf58,1
C9orf64,1
C9orf68,1
C9orf79,1
C9orf82,1
C9orf85,1
C9orf86,1
C9orf9,1
C9orf90,1
C9orf98,1
CA10,1
CA2,1
CA3,1
CA5A,1
CA5B,1
CA9,1
CABC1,1
CABLES1,1
CABP1,1
CABP4,1
CACNA1A,1
CACNA1C,1
CACNA1E,1
CACNA1F,1
CACNA1S,1
CACNA2D3,1
CACNB2,1
CACNB3,1
CACNG1,1
CACNG3,1
CACNG4,1
CACNG5,1
CACNG6,1
CACNG7,1
CACNG8,1
CADM1,1
CADM4,1
CALB1,1
CALCB,1
CALCR,1
CALD1,1
CALHM2,1
CALM1,1
CALM2,1
CALML5,1
CALN1,1
CALPON,1
CALY,1
CAMK1D,1
CAMK1G,1
CAMK2B,1
CAMK2N1,1
CAMK2N2,1
CAMK4,1
CAMKV,1
CAND2,1
CANT1,1
CAPN1,1
CAPS,1
CAPZB,1
CARD10,1
CARD11,1
CARD9,1
CARHSP1,1
CARS,1
CARS2,1
CARTPT,1
CASKIN2,1
CASP3,1
CASQ1,1
CAST,1
CATSPER2,1
CAV2,1
CBLC,1
CBLN3-KIAA0323,1
CBLN4,1
CBR1,1
CBS,1
CBX2,1
CBX4,1
CBX5,1
CCBE1,1
CCBP2,1
CCDC105,1
CCDC11,1
CCDC120,1
CCDC123,1
CCDC128,1
CCDC134,1
CCDC136,1
CCDC142,1
CCDC144A,1
CCDC148,1
CCDC169,1
CCDC17,1
CCDC19,1
CCDC24,1
CCDC27,1
CCDC28B,1
CCDC3,1
CCDC33,1
CCDC37,1
CCDC39,1
CCDC42,1
CCDC49,1
CCDC55,1
CCDC56,1
CCDC57,1
CCDC64B,1
CCDC67,1
CCDC74A,1
CCDC77,1
CCDC81,1
CCDC87,1
CCDC88A,1
CCDC88C,1
CCDC89,1
CCDC96,1
CCDC99,1
CCHCR1,1
CCK,1
CCKBR,1
CCL16,1
CCL19,1
CCL20,1
CCL21,1
CCL27,1
CCNB1,1
CCND2,1
CCND3,1
CCNJL,1
CCNL2,1
CCNYL1,1
CCR2,1
CCR4,1
CCR6,1
CCR8,1
CCR9,1
CCT8L2,1
CD14,1
CD160,1
CD177,1
CD1D,1
CD200,1
CD209,1
CD244,1
CD33,1
CD34,1
CD36,1
CD37,1
CD3D,1
CD3EAP,1
CD46,1
CD48,1
CD55,1
CD58,1
CD59,1
CD74,1
CD79A,1
CD79B,1
CD8B1,1
CD9,1
CDC14B,1
CDC27,1
CDC42BPA,1
CDC42EP1,1
CDC5L,1
CDCA3,1
CDCA7L,1
CDCA8,1
CDH11,1
CDH2,1
CDH23,1
CDH5,1
CDH8,1
CDK2AP2,1
CDK3,1
CDK5,1
CDK8,1
CDKL2,1
CDKN1A,1
CDKN2D,1
CEACAM1,1
CEACAM8,1
CEBPA,1
CECR1,1
CECR6,1
CEL,1
CELSR2,1
CENPA,1
CENPQ,1
CENTB1,1
CENTB5,1
CENTD2,1
CENTG1,1
CENTG3,1
CEP152,1
CEP250,1
CEP27,1
CEP72,1
CES1,1
CES3,1
CETN1,1
CETP,1
CFB,1
CFD,1
CFH,1
CFP,1
CFTR,1
CGB,1
CGNL1,1
CGRRF1,1
CH25H,1
CHAT,1
CHCHD10,1
CHCHD5,1
CHCHD6,1
CHD3,1
CHD9,1
CHFR,1
CHGA,1
CHIC1,1
CHID1,1
CHML,1
CHMP2A,1
CHN2,1
CHRDL2,1
CHRM2,1
CHRM4,1
CHRNA10,1
CHRNA2,1
CHRNA5,1
CHRNB1,1
CHST1,1
CHST12,1
CHST13,1
CHST14,1
CHST2,1
CHST5,1
CHST6,1
CHST8,1
CHST9,1
CIAPIN1,1
CIB3,1
CIC,1
CIDEA,1
CIDEB,1
CILP,1
CILP2,1
CISH,1
CITED1,1
CITED2,1
CITED4,1
CKB,1
CKLF,1
CKMT2,1
CKS2,1
CLCF1,1
CLCN2,1
CLCN5,1
CLCNKA,1
CLDN10,1
CLDN11,1
CLDN17,1
CLDN18,1
CLDN19,1
CLDN2,1
CLDN20,1
CLDN5,1
CLEC14A,1
CLIC5,1
CLIP1,1
CLIP2,1
CLIPR-59,1
CLK3,1
CLN5,1
CLOCK,1
CLPS,1
CLSTR,1
CLU,1
CLUAP1,1
CMBL,1
CMIP,1
CMTM1,1
CMTM3,1
CMTM8,1
CMYA1,1
CNGA1,1
CNGA3,1
CNGB1,1
CNN1,1
CNN2,1
CNN3,1
CNNM1,1
CNNM4,1
CNOT2,1
CNP,1
CNPY1,1
CNTD,1
CNTD1,1
CNTF,1
CNTN4,1
CNTNAP5,1
COBL,1
COG2,1
COG7,1
COL11A1,1
COL11A2,1
COL14A1,1
COL16A1,1
COL17A1,1
COL1A1,1
COL1A2,1
COL22A1,1
COL2A1,1
COL3A1,1
COL4A6,1
COL6A1,1
COL6A2,1
COL6A3,1
COL8A1,1
COLEC11,1
COLEC12,1
COMP,1
COMT,1
COPE,1
COPG,1
COPZ2,1
COQ6,1
CORIN,1
CORO1A,1
CORO1B,1
CORO1C,1
CORO2A,1
CORO2B,1
CORO6,1
CORT,1
COX-2,1
COX18,1
COX2,1
COX4I2,1
COX7A2L,1
COX8C,1
CPA6,1
CPB1,1
CPEB1,1
CPLX1,1
CPLX3,1
CPM,1
CPN1,1
CPNE1,1
CPNE5,1
CPO,1
CPS1,1
CPT1B,1
CPT1C,1
CPXM1,1
CPXM2,1
CR1,1
CRABP1,1
CRABP2,1
CRB2,1
CREB3L3,1
CRH,1
CRHR2,1
CRIP1,1
CRIP3,1
CRISP1,1
CRISPLD2,1
CRMP1,1
CROCC,1
CRTAC1,1
CRTC1,1
CRTC2,1
CRTC3,1
CRX,1
CRYAB,1
CRYBA1,1
CRYBA2,1
CRYBB2,1
CRYGA,1
CRYGB,1
CRYGC,1
CRYGD,1
CRYGN,1
CRYM,1
CSAG1,1
CSF2,1
CSF2RB,1
CSF3R,1
CSGlcA-T,1
CSH1,1
CSH2,1
CSMD1,1
CSMD2,1
CSMD3,1
CSNK1A1,1
CSNK1D,1
CSNK1G2,1
CSPG4,1
CSRNP1,1
CSRP3,1
CST2,1
CST3,1
CST4,1
CST5,1
CST6,1
CST8,1
CSTF3,1
CT45-1,1
CTAGE1,1
CTBP1,1
CTDP1,1
CTGF,1
CTGLF1,1
CTRL,1
CTSA,1
CTSD,1
CTSF,1
CTSG,1
CTSK,1
CTSZ,1
CTTN,1
CTTNBP2,1
CUEDC1,1
CUGBP2,1
CUL4A,1
CUL7,1
CUX1,1
CWF19L2,1
CX3CL1,1
CXCL12,1
CXCL2,1
CXCL6,1
CXCR4,1
CXCR7,1
CXorf20,1
CXorf48,1
CXorf55,1
CXorf9,1
CXXC1,1
CXXC5,1
CYB561,1
CYB561D2,1
CYB5A,1
CYB5R1,1
CYB5R2,1
CYBRD1,1
CYP11A1,1
CYP1B1,1
CYP24A1,1
CYP26A1,1
CYP26B1,1
CYP2A13,1
CYP2A6,1
CYP2A7,1
CYP2E1,1
CYP4F22,1
CYP8B1,1
CYS1,1
CYTH2,1
CYYR1,1
D4S234E,1
DAAM2,1
DAB2IP,1
DACH1,1
DACH2,1
DACT1,1
DACT2,1
DAK,1
DAND5,1
DAPK1,1
DAPL1,1
DAZL,1
DBNDD2,1
DCAMKL1,1
DCC,1
DCDC2,1
DCHS1,1
DCHS2,1
DCT,1
DCTN1,1
DCUN1D1,1
DCUN1D2,1
DDA1,1
DDAH2,1
DDIT3,1
DDIT4L,1
DDN,1
DDOST,1
DDT,1
DDX4,1
DDX43,1
DDX56,1
DECR2,1
DEFA4,1
DEFA6,1
DEFB118,1
DEFB123,1
DEFB132,1
DENND1C,1
DENND2A,1
DENND2D,1
DEPDC2,1
DEPDC5,1
DEPDC7,1
DERA,1
DES,1
DFFB,1
DFNB31,1
DGCR2,1
DGCR8,1
DGKD,1
DGKE,1
DGKI,1
DGKK,1
DHCR24,1
DHCR7,1
DHDH,1
DHPS,1
DHRS2,1
DHRS4L2,1
DHTKD1,1
DHX32,1
DHX40,1
DHX58,1
DIDO1,1
DIO3,1
DIP2C,1
DIRAS1,1
DIRAS2,1
DIRAS3,1
DISP2,1
DKFZp434N035,1
DKFZp434O0527,1
DKK1,1
DKK2,1
DKK3,1
DLEC1,1
DLG5,1
DLGAP1,1
DLGAP2,1
DLGAP3,1
DLK1,1
DLK2,1
DLL4,1
DLX3,1
DLX6AS,1
DMC1,1
DMGDH,1
DMKN,1
DMN,1
DMPK,1
DMRT1,1
DMRT2,1
DMRTA2,1
DMRTB1,1
DNAH10,1
DNAI1,1
DNAI2,1
DNAJA4,1
DNAJB4,1
DNAJB7,1
DNAJB8,1
DNAJC1,1
DNAJC12,1
DNAJC14,1
DNAJC4,1
DNAJC5B,1
DNAJC5G,1
DNAJC6,1
DNAL1,1
DNALI1,1
DNASE1,1
DNASE1L1,1
DNASE2B,1
DNER,1
DNM3,1
DNMBP,1
DNMT3A,1
DNMT3B,1
DNTT,1
DOC1,1
DOCK11,1
DOCK9,1
DOK4,1
DOK6,1
DPEP1,1
DPEP3,1
DPH2,1
DPM2,1
DPP3,1
DPP4,1
DPP6,1
DPPA5,1
DPRXP4,1
DPY19L2,1
DPY30,1
DPYS,1
DPYSL2,1
DPYSL4,1
DPYSL5,1
DQX1,1
DRD1,1
DSCR10,1
DSCR1L1,1
DSCR1L2,1
DSCR6,1
DSG2,1
DSIN,1
DSN1,1
DST,1
DTNA,1
DTNBP1,1
DTX3L,1
DTYMK,1
DUOXA2,1
DUPD1,1
DUS1L,1
DUSP12,1
DUSP13,1
DUSP2,1
DUSP21,1
DUSP23,1
DUSP4,1
DUSP5,1
DUSP6,1
DUXA,1
DVL1,1
DYDC1,1
DYDC2,1
DYNC1H1,1
DYSFIP1,1
DZIP1,1
E2F1,1
E2F8,1
E4F1,1
EBF4,1
EBNA1BP2,1
ECAT11,1
ECE1,1
ECEL1,1
ECEL1P2,1
ECHDC2,1
ECHDC3,1
ECM1,1
ECRG4,1
ECSIT,1
EDARADD,1
EDF1,1
EDG3,1
EDG7,1
EDH2,1
EDIL3,1
EDNRB1,1
EEF1B2,1
EEF1D,1
EEF2,1
EFCAB1,1
EFCAB4B,1
EFGMP1,1
EFHD1,1
EFNA1,1
EFNB3,1
EGFL4,1
EGFL6,1
EGFL8,1
EGFLAM,1
EGFR,1
EGLN2,1
EGLN3,1
EGR3,1
EHBP1L1,1
EIF1AY,1
EIF2B2,1
EIF2C3,1
EIF2S1,1
EIF4G1,1
EIF6,1
ELA2A,1
ELA3A,1
ELA3B,1
ELAVL4,1
ELF3,1
ELFN2,1
ELK1,1
ELL3,1
ELMO1,1
ELOVL2,1
ELOVL3,1
ELOVL6,1
ELP2,1
ELP3,1
ELTD1,1
EMD,1
EMID2,1
EMILIN3,1
EML1,1
EMP1,1
EMP3,1
ENO2,1
ENO3,1
ENTH,1
ENTHD1,1
ENTPD3,1
ENTPD4,1
EOMES,1
EPB41L1,1
EPB41L3,1
EPB41L4A,1
EPB41L5,1
EPB42,1
EPB49,1
EPHA1,1
EPHA10,1
EPHA2,1
EPHA3,1
EPHA4,1
EPHA8,1
EPHB1,1
EPHB3,1
EPHB4,1
EPHX1,1
EPN1,1
EPO,1
EPPB9,1
EPS8L1,1
EPS8L3,1
ERAS,1
ERBB4,1
ERCC2,1
ERGIC3,1
ERICH1,1
ERLIN1,1
ERN2,1
ERV3,1
ERVWE1,1
ESAM,1
ESM1,1
ESPN,1
ESRRA,1
ESX1,1
ESYT3,1
ETFB,1
ETNK1,1
ETNK2,1
ETV1,1
ETV2,1
ETV5,1
EVC2,1
EVI5L,1
EXDL2,1
EXOC6,1
EXOC6B,1
EXOSC1,1
EXOSC2,1
EXOSC6,1
EXT1,1
EXTL1,1
EYA1,1
EZH2,1
F11R,1
F12,1
F13A1,1
F2,1
F2R,1
F2RL1,1
F9,1
FAAH,1
FABP5,1
FABP7,1
FADD,1
FADS2,1
FADS3,1
FAIM2,1
FAIM3,1
FAM101B,1
FAM102A,1
FAM106A,1
FAM107A,1
FAM108B1,1
FAM109A,1
FAM110C,1
FAM113A,1
FAM115A,1
FAM118B,1
FAM123C,1
FAM124B,1
FAM125A,1
FAM128B,1
FAM129B,1
FAM129C,1
FAM133A,1
FAM134C,1
FAM148B,1
FAM14A,1
FAM150A,1
FAM151A,1
FAM155B,1
FAM159A,1
FAM160A1,1
FAM163A,1
FAM166B,1
FAM167B,1
FAM174A,1
FAM177A1,1
FAM182B,1
FAM18A,1
FAM19A2,1
FAM20A,1
FAM20C,1
FAM221A,1
FAM24B,1
FAM27C,1
FAM29A,1
FAM38A,1
FAM3D,1
FAM43A,1
FAM44A,1
FAM46A,1
FAM46C,1
FAM47B,1
FAM47C,1
FAM49A,1
FAM54B,1
FAM5B,1
FAM5C,1
FAM62C,1
FAM63A,1
FAM65A,1
FAM70A,1
FAM71A,1
FAM75B,1
FAM77C,1
FAM78B,1
FAM79B,1
FAM82B-CPNE3,1
FAM83A,1
FAM83C,1
FAM83F,1
FAM83H,1
FAM84A,1
FAM86B2,1
FAM89A,1
FAM89B,1
FAM92B,1
FAM98A,1
FAM9A,1
FAM9C,1
FANCC,1
FANCG,1
FAT1,1
FAT4,1
FAXDC2,1
FBLIM1,1
FBN2,1
FBP2,1
FBS1,1
FBX032,1
FBXL10,1
FBXL14,1
FBXL22,1
FBXO2,1
FBXO21,1
FBXO27,1
FBXO31,1
FBXO32,1
FBXO33,1
FBXO43,1
FBXO44,1
FBXW12,1
FBXW9,1
FCER1G,1
FCGRT,1
FCHSD2,1
FCRL3,1
FCRL6,1
FDX1L,1
FDXR,1
FER1L4,1
FFAR2,1
FGF1,1
FGF11,1
FGF12,1
FGF18,1
FGF19,1
FGF2,1
FGF20,1
FGF22,1
FGF23,1
FGF4,1
FGF6,1
FGFR1,1
FGFR2,1
FGR,1
FHIT,1
FHL2,1
FHL3,1
FIBIN,1
FIGLA,1
FILIP1L,1
FJX1,1
FKBP2,1
FKBP4,1
FKBP5,1
FKBP9,1
FLCN,1
FLG,1
FLJ10246,1
FLJ10374,1
FLJ10404,1
FLJ10769,1
FLJ10925,1
FLJ12056,1
FLJ12949,1
FLJ13096,1
FLJ14054,1
FLJ14154,1
FLJ14768,1
FLJ20054,1
FLJ20433,1
FLJ21438,1
FLJ23834,1
FLJ23878,1
FLJ25084,1
FLJ25410,1
FLJ25421,1
FLJ25530,1
FLJ25660,1
FLJ25976,1
FLJ30934,1
FLJ31196,1
FLJ31222,1
FLJ32063,1
FLJ32206,1
FLJ32871,1
FLJ32926,1
FLJ33534,1
FLJ34443,1
FLJ34931,1
FLJ35767,1
FLJ35773,1
FLJ35784,1
FLJ35894,1
FLJ36,1
FLJ36046,1
FLJ36070,1
FLJ37538,1
FLJ37587,1
FLJ37970,1
FLJ38288,1
FLJ38379,1
FLJ38451,1
FLJ39779,1
FLJ40172,1
FLJ40504,1
FLJ41350,1
FLJ41766,1
FLJ42117,1
FLJ42486,1
FLJ42957,1
FLJ42986,1
FLJ43339,1
FLJ43752,1
FLJ43806,1
FLJ43826,1
FLJ43860,1
FLJ43950,1
FLJ45422,1
FLJ45684,1
FLJ45803,1
FLJ45983,1
FLJ46072,1
FLJ46347,1
FLJ78302,1
FLJ90586,1
FLJ90650,1
FLNB,1
FLOT1,1
FLOT2,1
FLRT1,1
FLT1,1
FLT3,1
FMN2,1
FMNL1,1
FMNL2,1
FNDC1,1
FNDC3B,1
FNDC4,1
FNDC6,1
FNDC7,1
FNTB,1
FOLH1,1
FOS,1
FOSL1,1
FOX1C,1
FOXA3,1
FOXB1,1
FOXD1,1
FOXD4,1
FOXD4L1,1
FOXD4L4,1
FOXD4L5,1
FOXF1,1
FOXF2,1
FOXH1,1
FOXI2,1
FOXK1,1
FOXL1,1
FOXL2,1
FOXN1,1
FOXN3,1
FOXP4,1
FOXQ1,1
FOXR1,1
FRAT1,1
FREM2,1
FREQ,1
FRG1,1
FRG1B,1
FRMD3,1
FRMD5,1
FRMD8,1
FRMPD1,1
FRZB,1
FSCN1,1
FST,1
FSTL1,1
FTSJ1,1
FUT7,1
FUT9,1
FXYD3,1
FZD1,1
FZD2,1
FZD4,1
FZD5,1
FZD7,1
FZD8,1
FZR1,1
G0S2,1
G3BP1,1
GAA,1
GABBR1,1
GABBR2,1
GABRA1,1
GABRA2,1
GABRA4,1
GABRB1,1
GABRB2,1
GABRB3,1
GABRE,1
GABRG2,1
GABRQ,1
GAD1,1
GAD2,1
GADD45A,1
GADD45B,1
GADL1,1
GAGE12F,1
GAGE12I,1
GAGE2A,1
GAGE2C,1
GAGE5,1
GAGE7,1
GAGE8,1
GAK,1
GAL3ST1,1
GALE,1
GALK1,1
GALM,1
GALNT1,1
GALNT10,1
GALNT13,1
GALNT6,1
GALNT9,1
GALNTL1,1
GALNTL2,1
GALR1,1
GALR2,1
GALT,1
GAPDH,1
GAS7,1
GATA1,1
GATA2,1
GATA4,1
GATA6,1
GATAD2A,1
GATM,1
GBX1,1
GCHFR,1
GCK,1
GCM2,1
GCN5L2,1
Gcom1,1
GDA,1
GDF15,1
GDF7,1
GDF9,1
GDI1,1
GDI2,1
GDPD3,1
GDPD5,1
GEMIN4,1
GFI1,1
GFM2,1
GFOD1,1
GFRA1,1
GFRA3,1
GFRA4,1
GGT1,1
GGTLC1,1
GH2,1
GHDC,1
GHR,1
GHRHR,1
GHRL,1
GIMAP5,1
GIMAP8,1
GINS4,1
GIPC1,1
GIT1,1
GJA4,1
GJA7,1
GJB3,1
GJB4,1
GK2,1
GKN1,1
GLB1L,1
GLB1L3,1
GLDN,1
GLG1,1
GLI2,1
GLIPR1L1,1
GLIS1,1
GLIS2,1
GLP1R,1
GLRA1,1
GLRX2,1
GLRX3,1
GLS2,1
GLT1D1,1
GLT25D2,1
GLTSCR1,1
GLUD2,1
GMCL1L,1
GMIP,1
GMPPA,1
GMPPB,1
GNA14,1
GNAT1,1
GNAT2,1
GNAZ,1
GNB1,1
GNE,1
GNG10,1
GNG12,1
GNG3,1
GNG4,1
GNG8,1
GNGT2,1
GNPDA2,1
GNPTAB,1
GNRH2,1
GNRHR,1
GOLGA2L1,1
GOLGB1,1
GOLSYN,1
GOLT1A,1
GOPC,1
GP1BA,1
GP9,1
GPC2,1
GPC3,1
GPC4,1
GPC5,1
GPHA2,1
GPI,1
GPR1,1
GPR103,1
GPR114,1
GPR115,1
GPR12,1
GPR120,1
GPR135,1
GPR137B,1
GPR143,1
GPR146,1
GPR156,1
GPR158,1
GPR161,1
GPR173,1
GPR175,1
GPR19,1
GPR26,1
GPR32,1
GPR37,1
GPR45,1
GPR56,1
GPR61,1
GPR62,1
GPR7,1
GPR75,1
GPR81,1
GPR83,1
GPR89A,1
GPRASP1,1
GPRASP2,1
GPRC5A,1
GPRC5B,1
GPRIN1,1
GPS2,1
GPSM2,1
GPX4,1
GRAMD2,1
GRB10,1
GRB7,1
GREB1,1
GRHL1,1
GRIA2,1
GRIA4,1
GRID1,1
GRID2IP,1
GRIK3,1
GRIK4,1
GRIN1,1
GRIN2A,1
GRIN2B,1
GRIN2C,1
GRIN2D,1
GRIN3A,1
GRIP2,1
GRK1,1
GRK7,1
GRLF1,1
GRM3,1
GRM6,1
GRM7,1
GRM8,1
GRP,1
GRTP1,1
GSC2,1
GSDM1,1
GSDML,1
GSG1L,1
GSG2,1
GSH2,1
GSR,1
GSTA2,1
GSTM4,1
GSTO1,1
GSTO2,1
GSTT2,1
GTF2A1L,1
GTF2I,1
GTF3A,1
GTF3C3,1
GTPBP5,1
GTSE1,1
GTSF1,1
GUCA1B,1
GUCA2B,1
GULP1,1
GULTAP,1
GYG2,1
GZMH,1
H19,1
H1F0,1
H2-ALPHA,1
H2AFB3,1
H2AFJ,1
H2BFS,1
H6PD,1
HAL,1
HAND2,1
HAP1,1
HAPLN1,1
HAS1,1
HAS3,1
HBA2,1
HBM,1
HBQ1,1
HBZ,1
HCFC1,1
HCFC1R1,1
HCG4P3,1
HCK,1
HCN1,1
HCN4,1
HDAC2,1
HDAC3,1
HDAC7,1
HDAC7A,1
HDDC3,1
HDHD2,1
HEBP2,1
HECTD3,1
HELT,1
HEPH,1
HERC5,1
HERV-FRD,1
HES1,1
HES3,1
HESX1,1
HEXA-AS1,1
HEY2,1
HEYL,1
HGFAC,1
HIATL1,1
HIBADH,1
HIGD1A,1
HIGD2A,1
HISPPD2A,1
HIST1H1B,1
HIST1H1PS2,1
HIST1H1T,1
HIST1H2AA,1
HIST1H2AG,1
HIST1H2AH,1
HIST1H2AL,1
HIST1H2BD,1
HIST1H2BH,1
HIST1H2BI,1
HIST1H2BJ,1
HIST1H2BK,1
HIST1H3A,1
HIST1H3C,1
HIST1H3E,1
HIST1H3F,1
HIST1H3G,1
HIST1H3G-HIST1H2BI,1
HIST1H3J,1
HIST1H4A,1
HIST1H4G,1
HIST1H4I,1
HIST1H4L,1
HIST3H2A,1
HIST3H2BB,1
HIST3H3,1
HIVEP2,1
HIVEP3,1
HLA-DPB2,1
HLA-F,1
HLA-J,1
HLTF,1
HLX1,1
HLXB9,1
HM13,1
HMBOX1,1
HMGA1,1
HMGB1,1
HMGN3,1
HMHB1,1
HMSD,1
HMX1,1
HMX2,1
HMX3,1
HN1L,1
HNF1A,1
HNF4A,1
HNRNPA3,1
HNRNPAB,1
HNRNPF,1
HNRNPH1,1
HNT,1
HOOK2,1
HORMAD1,1
HOX++,1
HOXA1,1
HOXA10,1
HOXA11-AS,1
HOXA2,1
HOXB2,1
HOXB3,1
HOXB5,1
HOXB9,1
HOXC8,1
HOXC9,1
HPCAL1,1
HPCAL4,1
HRASLS,1
HRASLS2,1
HRC,1
HRH3,1
HRNBP3,1
HS3ST2,1
HS3ST3B1,1
HS3ST4,1
hsa-mir-137,1
HSD11B1L,1
HSD11B2,1
HSD17B14,1
HSD17B3,1
HSD17B4,1
HSD3B2,1
HSD3B7,1
HSP90AA1,1
HSP90AB1,1
HSPA12A,1
HSPA6,1
HSPA9,1
HSPB1,1
HSPB2,1
HSPB6,1
HSPB8,1
HSPC111,1
HSPC176,1
HTATIP2,1
HTR1A,1
HTR1E,1
HTR1F,1
HTR3A,1
HTR3E,1
HTR7,1
HTRA1,1
HTRA4,1
HTT,1
HUNK,1
HUS1B,1
HVCN1,1
HYAL2,1
HYPB,1
HYPK,1
IAH1,1
IARS,1
ICA1L,1
ICHTHYIN,1
ID1,1
ID4,1
IDI1,1
IDI2,1
IER2,1
IER3IP1,1
IER5L,1
IFFO,1
IFI27,1
IFI30,1
IFI35,1
IFITM2,1
IFITM3,1
IFNA8,1
IFRD2,1
IFT122,1
IFT74,1
IGF2,1
IGF2AS,1
IGF2BP1,1
IGF2BP2,1
IGFBP,1
IGFBP1,1
IGFBP7,1
IGSF10,1
IGSF6,1
IGSF9,1
IGSF9B,1
IHPK3,1
IKBKE,1
IKBKG,1
IKZF1,1
IKZF4,1
IL10,1
IL11RA,1
IL12RB1,1
IL13,1
IL16,1
IL17B,1
IL17D,1
IL17F,1
IL17RA,1
IL17RD,1
IL18BP,1
IL1F5,1
IL1F9,1
IL1RL2,1
IL20,1
IL21R,1
IL22RA1,1
IL24,1
IL25,1
IL27,1
IL27RA,1
IL3,1
IL4,1
IL4I1,1
IL6,1
ILVBL,1
IMPAD1,1
IMPDH1,1
INA,1
INCA1,1
INCENP,1
INF2,1
INHBC,1
INHBE,1
INMT,1
INPP4A,1
INPP4B,1
INPP5D,1
INPP5F,1
INSL3,1
INSM2,1
INSRR,1
INTS1,1
INTS6,1
INTS9,1
INTU,1
IPO4,1
IPO8,1
IQCA1,1
IQCF2,1
IQSEC1,1
IQSEC2,1
IRAK2,1
IRAK3,1
IRF4,1
IRF6,1
IRF7,1
IRS4,1
IRX2,1
IRX3,1
IRX4,1
ISCA1,1
ISG15,1
ITGA10,1
ITGA11,1
ITGA2B,1
ITGA3,1
ITGA4,1
ITGA5,1
ITGA7,1
ITGA9,1
ITGAE,1
ITGB4,1
ITGB8,1
ITIH1,1
ITIH3,1
ITM2C,1
ITPKA,1
ITPKB,1
ITPRIP,1
JAK3,1
JAKMIP1,1
JAKMIP2,1
JAM3,1
JDP2,1
JMJD1C,1
JMJD2B,1
JRK,1
JRKL,1
JSRP1,1
JUP,1
K5B,1
K6IRS4,1
KA35,1
KAAG1,1
KALRN,1
KANK4,1
KAT2B,1
KATNA1,1
KATNAL1,1
KAZALD1,1
KBTBD11,1
KBTBD5,1
KBTBD7,1
KCNA1,1
KCNA3,1
KCNA6,1
KCNAB3,1
KCNB1,1
KCNB2,1
KCNC1,1
KCNC4,1
KCND1,1
KCND2,1
KCND3,1
KCNE1L,1
KCNG1,1
KCNG2,1
KCNG3,1
KCNG4,1
KCNH3,1
KCNH5,1
KCNH7,1
KCNIP2,1
KCNIP3,1
KCNJ10,1
KCNJ12,1
KCNJ15,1
KCNJ3,1
KCNJ4,1
KCNJ8,1
KCNK1,1
KCNK10,1
KCNK12,1
KCNK17,1
KCNK3,1
KCNK5,1
KCNK7,1
KCNK9,1
KCNMA1,1
KCNMB1,1
KCNQ3,1
KCNQ5,1
KCNS1,1
KCNS2,1
KCNV1,1
KCNV2,1
KCTD15,1
KCTD16,1
KCTD17,1
KCTD21,1
KCTD8,1
KDELR2,1
KDM2B,1
KDM4B,1
KEAP1,1
KHDRBS1,1
KHDRBS2,1
KHDRBS3,1
KHK,1
KHSRP,1
KIAA0020,1
KIAA0141,1
KIAA0179,1
KIAA0196,1
KIAA0247,1
KIAA0415,1
KIAA0423,1
KIAA0467,1
KIAA0513,1
KIAA0528,1
KIAA0562,1
KIAA0644,1
KIAA0738,1
KIAA0774,1
KIAA0776,1
KIAA0888,1
KIAA0889,1
KIAA1024,1
KIAA1217,1
KIAA1257,1
KIAA1274,1
KIAA1305,1
KIAA1344,1
KIAA1383,1
KIAA1394,1
KIAA1543,1
KIAA1609,1
KIAA1614,1
KIAA1632,1
KIAA1683,1
KIAA1737,1
KIAA1754L,1
KIAA1822L,1
KIAA1853,1
KIAA1949,1
KIAA2022,1
KIF12,1
KIF16B,1
KIF17,1
KIF1C,1
KIF21B,1
KIF5A,1
KIFC1,1
KIFC3,1
KIR3DL1,1
KIRREL,1
KIRREL2,1
KISS1,1
KL,1
KLC4,1
KLF11,1
KLF12,1
KLF14,1
KLF16,1
KLF17,1
KLF4,1
KLF6,1
KLHDC4,1
KLHL1,1
KLHL13,1
KLHL25,1
KLHL26,1
KLHL28,1
KLHL31,1
KLHL9,1
KLK13,1
KLK15,1
KLK3,1
KLK6,1
KLK8,1
KNDC1,1
KPNA3,1
KREMEN1,1
KREMEN2,1
KRIT1,1
KRT13,1
KRT17,1
KRT1B,1
KRT2,1
KRT20,1
KRT23,1
KRT2A,1
KRT35,1
KRT36,1
KRT38,1
KRT4,1
KRT6A,1
KRT6B,1
KRT72,1
KRT74,1
KRT76,1
KRT79,1
KRT8,1
KRT81,1
KRTAP20-1,1
KRTAP3-1,1
KRTAP3-3,1
KRTAP5-9,1
KRTAP6-3,1
KRTCAP2,1
KRTHA2,1
KRTHA5,1
KRTHB2,1
KSP37,1
L1CAM,1
L1TD1,1
L3MBTL,1
LAIR1,1
LAIR2,1
LAMA5,1
LAMB3,1
LAMC1,1
LAMC2,1
LAMC3,1
LAMP1,1
LAMP3,1
LANCL1,1
LAPTM4B,1
LARGE,1
LARP1,1
LARP5,1
LAS1L,1
LASS2,1
LASS3,1
LASS4,1
LAT2,1
LBH,1
LBP,1
LBXCOR1,1
LCAP,1
LCAT,1
LCN1,1
LCN12,1
LCN2,1
LCT,1
LDB1,1
LDHAL6B,1
LDHB,1
LDLR,1
LDLRAD1,1
LDLRAD3,1
LDLRAP1,1
LDOC1,1
LECT1,1
LEF1,1
LELP1,1
LEPREL2,1
LFNG,1
LGALS2,1
LGALS3BP,1
LGALS4,1
LGALS7,1
LGI2,1
LGR6,1
LHB,1
LHCGR,1
LHFPL5,1
LHPP,1
LHX4,1
LHX8,1
LIFR,1
LILRA2,1
LILRA3,1
LILRA4,1
LILRA5,1
LILRA6,1
LILRB2,1
LIMK1,1
LIN28B,1
LIN7B,1
LIPG,1
LIPH,1
LITAF,1
LMAN1L,1
LMCSD,1
LMO2,1
LMO3,1
LMTK2,1
LMTK3,1
LOC100128378,1
LOC100128554,1
LOC100287216,1
LOC112714,1
LOC115098,1
LOC116236,1
LOC124751,1
LOC129293,1
LOC130576,1
LOC134121,1
LOC134147,1
LOC136263,1
LOC139728,1
LOC161247,1
LOC196993,1
LOC197322,1
LOC198437,1
LOC200726,1
LOC202459,1
LOC253012,1
LOC254559,1
LOC255374,1
LOC283331,1
LOC283537,1
LOC284361,1
LOC284912,1
LOC285636,1
LOC339047,1
LOC339344,1
LOC340286,1
LOC340602,1
LOC342897,1
LOC346673,1
LOC348174,1
LOC349136,1
LOC349236,1
LOC387856,1
LOC388152,1
LOC388381,1
LOC388692,1
LOC389435,1
LOC391343,1
LOC399947,1
LOC401089,1
LOC401387,1
LOC401399,1
LOC402573,1
LOC402665,1
LOC439985,1
LOC440093,1
LOC440585,1
LOC440957,1
LOC441046,1
LOC441294,1
LOC51252,1
LOC55908,1
LOC644096,1
LOC645191,1
LOC645296,1
LOC645323,1
LOC646227,1
LOC653319,1
LOC728137,1
LOC728635,1
LOC728661,1
LOC728989,1
LOC729085,1
LOC751071,1
LOC80054,1
LOC90379,1
LOC90580,1
LOC91431,1
LOC91461,1
LONRF3,1
LOXL2,1
LOXL4,1
LPA,1
LPAR5,1
LPCAT2,1
LPIN3,1
LPPR2,1
LR8,1
LRCH1,1
LRCH2,1
LRCH3,1
LRDD,1
LRFN2,1
LRG1,1
LRP1,1
LRP2,1
LRP5,1
LRP5L,1
LRP8,1
LRRC10,1
LRRC10B,1
LRRC15,1
LRRC16A,1
LRRC16B,1
LRRC18,1
LRRC20,1
LRRC25,1
LRRC29,1
LRRC32,1
LRRC34,1
LRRC37A,1
LRRC3B,1
LRRC43,1
LRRC4C,1
LRRC7,1
LRRC8B,1
LRRC8E,1
LRRFIP2,1
LRRIQ4,1
LRRN1,1
LRRN2,1
LRRN4CL,1
LRSAM1,1
LRTM2,1
LRWD1,1
LSAMP,1
LSDP5,1
LSM10,1
LSM14A,1
LSM3,1
LSM6,1
LSR,1
LST1,1
LTB,1
LTB4R2,1
LTBP4,1
LTBR,1
LTF,1
LUC7L,1
LUC7L2,1
LUZP4,1
LVRN,1
LY6G6C,1
LY75,1
LY9,1
LYL1,1
LYPD1,1
LYPD3,1
LYPD5,1
LYPD6,1
LYPLA1,1
LYPLAL1,1
LYSMD2,1
LYST,1
LYZL4,1
LZIC,1
MAB21L1,1
MAB21L2,1
MACROD1,1
MAD1L1,1
MAEA,1
MAEL,1
MAF1,1
MAFB,1
MAFF,1
MAFG,1
MAGEA1,1
MAGEA10,1
MAGEA12,1
MAGEA2,1
MAGEA8,1
MAGEC1,1
MAGEC2,1
MAGI2,1
MAGIX,1
MAK,1
MAL,1
MAL2,1
MALL,1
MALT1,1
MAMDC2,1
MAML2,1
MAN2A2,1
MANEAL,1
MAOB,1
MAP10,1
MAP1B,1
MAP1D,1
MAP2K7,1
MAP3K6,1
MAP4,1
MAP6,1
MAP6D1,1
MAPK10,1
MAPK11,1
MAPK14,1
MAPK8IP1,1
MAPK8IP2,1
MAPK9,1
MAPKAPK3,1
MAR3-,1
10-Mar,1
11-Mar,1
3-Mar,1
4-Mar,1
MARCKSL1,1
MARK1,1
MARK2,1
MARK3,1
MARS,1
MARVELD2,1
MAT1A,1
MATN1,1
MATN4,1
MAZ,1
MB,1
MBD4,1
MBNL1,1
MBP,1
MC1R,1
MC2R,1
MC3R,1
MCART1,1
MCAT,1
MCM6,1
MCOLN3,1
MCPH1,1
MCRS1,1
MDFI,1
MDGA2,1
MDK,1
ME1,1
MED22,1
MEF2C,1
MEG3,1
MEGF6,1
MEI1,1
MEPCE,1
MEPE,1
MERTK,1
METAP2,1
MEX3B,1
MFAP3,1
MFAP3L,1
MFGE8,1
MFN2,1
MFSD2,1
MFSD4,1
MGA,1
MGAT1,1
MGAT5,1
MGAT5B,1
MGC11257,1
MGC13057,1
MGC15912,1
MGC21874,1
MGC22001,1
MGC2463,1
MGC24975,1
MGC26816,1
MGC33839,1
MGC34761,1
MGC35154,1
MGC39606,1
MGC40168,1
MGC48595,1
MGC50372,1
MGC5576,1
MGST1,1
MICALCL,1
MICALL1,1
MIDN,1
MIER2,1
miR 184,1
miR 23b,1
miR 34b,1
miR 9-1,1
miR 9-2,1
mir10B,1
MIR124-1,1
MIR153-2,1
MIR194-2,1
MIR424,1
MIR9-3,1
MIRLET7I,1
MITF,1
MIXL1,1
MKKS,1
MKKS-C20orf94,1
MKNK2,1
MKRN2,1
MKRN3,1
MLANA,1
MLCK,1
MLH1,1
MLLT10,1
MLNR,1
MLP,1
MLPH,1
MLXIPL,1
MME,1
MMEL1,1
MMP1,1
MMP13,1
MMP14,1
MMP16,1
MMP2,1
MMP21,1
MMP23B,1
MMP25,1
MMP26,1
MMP28,1
MMP3,1
MMP7,1
MMP9,1
MMRN2,1
MN1,1
MNT,1
MOBKL3,1
MOBP,1
MOCS1,1
MOG,1
MOGAT3,1
MORF4L1,1
MOS,1
MOSC1,1
MOV10L1,1
MP53G,1
MPDU1,1
MPG,1
MPHOSPH9,1
MPL,1
MPN2,1
MPO,1
MPST,1
MPZ,1
MRC2,1
MRPL12,1
MRPL14,1
MRPL16,1
MRPL36,1
MRPL36-NDUFS6,1
MRPL41,1
MRPL43,1
MRPL44,1
MRPL46,1
MRPL47,1
MRPL53,1
MRPS11,1
MRPS16,1
MRPS26,1
MS4A1,1
MS4A10,1
MS4A12,1
MS4A13,1
MS4A3,1
MS4A6A,1
MSC,1
MSLN,1
MST1,1
MSTO1,1
MT1A,1
MT1E,1
MT1H,1
MT1M,1
MT1X,1
MT3,1
MT4,1
MTAP,1
MTCH2,1
MTERFD1,1
MTF2,1
MTFR1,1
MTL5,1
MTMR3,1
MTO1,1
MTX1,1
MUC17,1
MUC3B,1
MUSTN1,1
MUT,1
MUTED,1
MVP,1
MX1,1
MXRA7,1
MYBBP1A,1
MYBPC3,1
MYBPH,1
MYBPHL,1
MYC,1
MYCBPAP,1
MYCN,1
MYD88,1
MYF6,1
MYH11,1
MYH3,1
MYH6,1
MYL1,1
MYL2,1
MYL4,1
MYL7,1
MYL9,1
MYLK,1
MYLK2,1
MYLPF,1
MYO18A,1
MYO19,1
MYO1G,1
MYO3A,1
MYO6,1
MYO7A,1
MYO7B,1
MYO9B,1
MYOCD,1
MYOD1,1
MYOG,1
MYOM1,1
MYOM3,1
MYOZ1,1
MYPOP,1
MYRIP,1
MYT1,1
N4BP2,1
N4BP2L1,1
N4BP3,1
NAF1,1
NAG8,1
NAGS,1
NALCN,1
NALP4,1
NANOG,1
NANOGP1,1
NANOS1,1
NAP1L3,1
NAP1L5,1
NAPRT1,1
NAPSA,1
NARS2,1
NAT10,1
NAT6,1
NAV2,1
NBL1,1
NBPF3,1
NCAM1,1
NCAM2,1
NCK1,1
NCKAP1L,1
NCKAP5L,1
NCOA1,1
NCOA2,1
NCOA4,1
NCRNA00086,1
NDN,1
NDNL2,1
NDRG1,1
NDRG2,1
NDST1,1
NDUFB10,1
NDUFS1,1
NDUFS6,1
NDUFS8,1
NDUFV1,1
NECAB1,1
NEFL,1
NEFM,1
NEGR1,1
NEIL1,1
NEIL3,1
NEK6,1
NEK9,1
NELL1,1
NENF,1
NES,1
NETO1,1
NEU2,1
NEUROD1,1
NEUROG3,1
NFIB,1
NFIC,1
NFIX,1
NFKBIL2,1
NFX1,1
NGB,1
NGF,1
NGFR,1
NGFRAP1,1
NHLRC1,1
NHS,1
NHSL2,1
NID1,1
NID2,1
NIPA2,1
NIPSNAP3B,1
NKAIN3,1
NKAP,1
NKAPL,1
NKD1,1
NKX2-4,1
NKX6-3,1
NLGN1,1
NLGN2,1
NLGN4X,1
NLP,1
NLRP12,1
NLRP6,1
NLRP8,1
NME4,1
NME5,1
NMNAT2,1
NMNAT3,1
NMUR1,1
NNMT,1
NOC2L,1
NOL3,1
NOL4,1
NOL8,1
NOLA2,1
NOM1,1
NOPE,1
NOS2A,1
NOS3,1
NOTCH1,1
NOTCH4,1
NOTO,1
NOVA1,1
NOX4,1
NPAL1,1
NPAS3,1
NPAT,1
NPBWR1,1
NPHS2,1
NPM2,1
NPNT,1
NPPA,1
NPPB,1
NPPC,1
NPR1,1
NPSR1,1
NPTX1,1
NPW,1
NPY2R,1
NQO1,1
NR1H2,1
NR2F6,1
NR4A2,1
NR4A3,1
NR5A2,1
NRAP,1
NRAS,1
NRBP2,1
NRCAM,1
NRG1,1
NRG3,1
NRIP3,1
NRN1,1
NRP2,1
NRSN1,1
NSMCE1,1
NSUN3,1
NSUN5,1
NSUN7,1
NT5C,1
NT5C1A,1
NT5DC2,1
NT5DC3,1
NTF3,1
NTHL1,1
NTN1,1
NTN4,1
NTNG1,1
NTNG2,1
NTRK1,1
NTRK2,1
NTRK3,1
NUAK1,1
NUAK2,1
NUBP2,1
NUBPL,1
NUDT11,1
NUDT16L1,1
NUDT16P1,1
NUDT17,1
NUMA1-LRRC51,1
NUP133,1
NUP188,1
NUP210,1
NUP210L,1
NUP62,1
NUP85,1
NUP98,1
NUPL1,1
NXN,1
NXNL1,1
NXNL2,1
NXPH2,1
NXPH4,1
OAT,1
OAZ1,1
OBP2B,1
OCM,1
ODF1,1
ODF2L,1
ODF3L1,1
OGDHL,1
OGG1,1
OGT,1
OLFM1,1
OLIG1,1
OPN1LW,1
OPN1SW,1
OPN4,1
OPRL1,1
OPRM1,1
OPRS1,1
OPTC,1
OR10H1,1
OR10P1,1
OR13J1,1
OR1D5,1
OR1K1,1
OR2B11,1
OR2C1,1
OR2G6,1
OR2L13,1
OR5C1,1
OR6F1,1
OR6N2,1
OR6S1,1
OR7A17,1
OR7C2,1
OR8B8,1
ORAI2,1
ORAI3,1
ORM1,1
OSAP,1
OSBPL3,1
OSBPL7,1
OSGIN1,1
OSMR,1
OSTalpha,1
OTOP1,1
OTOP2,1
OTUD4,1
OTUD6A,1
OTUD6B,1
OTUD7,1
OTX1,1
OX1,1
OXER1,1
OXGR1,1
OXT,1
P11,1
P117,1
P2RX3,1
P2RX4,1
P2RX6,1
P2RY2,1
P2RY4,1
P2RY6,1
P4HA2,1
P4HA3,1
P53AIP1,1
PABPC1L2A,1
PABPN1,1
PACAP,1
PACSIN1,1
PACSIN2,1
PACSIN3,1
PADI1,1
PADI2,1
PADI3,1
PADI4,1
PADI6,1
PAGE1,1
PAGE2,1
PAGE3,1
PAH,1
PAK1,1
PAK2,1
PALM,1
PAN3,1
PAPLN,1
PAPOLB,1
PAPPA2,1
PAQR4,1
PAQR6,1
PAQR8,1
PAQR9,1
PARD6A,1
PARK7,1
PARP1,1
PARP10,1
PARP15,1
PARP3,1
PARP6,1
PARVB,1
PASK,1
PATZ1,1
PAX1,1
PAX7,1
PAX9,1
PBOV1,1
PBX3,1
PBX4,1
PCBP3,1
PCDH10,1
PCDH20,1
PCDH7,1
PCDHA2,1
PCDHA8,1
PCDHB5,1
PCDHG5,1
PCDHGA10,1
PCDHGA11,1
PCDHGA7,1
PCDHGA8,1
PCDHGA9,1
PCDHGB4,1
PCDHGB5,1
PCDHGB6,1
PCDHGB7,1
PCDHGB8P,1
PCDHGC3,1
PCDHGC4,1
PCDP1,1
PCID2,1
PCK1,1
PCMT1,1
PCMTD1,1
PCMTD2,1
PCNP,1
PCNXL3,1
PCSK4,1
PCSK5,1
PCSK9,1
PCTK1,1
PDCD10,1
PDCL2,1
PDE1B,1
PDE1C,1
PDE2A,1
PDE4C,1
PDE4D,1
PDE4DIP,1
PDE5A,1
PDE6A,1
PDE6G,1
PDE6H,1
PDE7B,1
PDE9A,1
PDGFC,1
PDHA2,1
PDIA3,1
PDILT,1
PDK4,1
PDLIM4,1
PDPK1,1
PDPN,1
PDZD3,1
PDZD7,1
PEA15,1
PEAR1,1
PEBP4,1
PEG3,1
PEMT,1
PER1,1
PER2,1
PER3,1
PET112L,1
PEX19,1
PEX5L,1
PEX7,1
PF4,1
PF4V1,1
PFDN1,1
PFKFB1,1
PFKFB4,1
PFN3,1
PGA5,1
PGAM4,1
PGK2,1
PGM1,1
PGM3,1
PGR,1
PGRMC1,1
PGRMC2,1
PHACTR3,1
PHF11,1
PHF19,1
PHF2,1
PHF3,1
PHLDA1,1
PHYH,1
PHYHD1,1
PHYHIPL,1
PI16,1
PI4K2A,1
PI4KCB,1
PIB5PA,1
PIF1,1
PIGR,1
PIGW,1
PIK3AP1,1
PIK3C2B,1
PIK3CB,1
PIK3R1,1
PIK3R5,1
PIK3R6,1
PILRA,1
PILRB,1
PIP4K2C,1
PIPOX,1
PISD,1
PITPNA,1
PITPNM1,1
PITX3,1
PIWIL1,1
PIWIL2,1
PJA2,1
PKD1,1
PKD1L1,1
PKD2,1
PKLR,1
PKNOX1,1
PKP4,1
PLA2G4A,1
PLA2R1,1
PLAA,1
PLAA-IFT74,1
PLAGL1,1
PLAGL2,1
PLCB3,1
PLCD1,1
PLCG2,1
PLCXD3,1
PLD4,1
PLD5,1
PLEC1,1
PLEKHA2,1
PLEKHA4,1
PLEKHA6,1
PLEKHF1,1
PLEKHG2,1
PLEKHG3,1
PLEKHG4,1
PLEKHG5,1
PLEKHH2,1
PLEKHM3,1
PLEKHO1,1
PLIN,1
PLK3,1
PLLP,1
PLOD3,1
PLSCR2,1
PLSCR3,1
PLTP,1
PLXNA1,1
PLXNA4,1
PLXNA4B,1
PLXNB2,1
PMEPA1,1
PMM2,1
PNLIPRP2,1
PNMA3,1
PNPLA3,1
PNPLA5,1
PNPLA6,1
PNPLA7,1
POFUT2,1
POLD1,1
POLD2,1
POLE,1
POLE3,1
POLE4,1
POLM,1
POLN,1
POLR1C,1
POLR2E-GPX4,1
POMC,1
PON1,1
POP7,1
POR,1
POU2AF1,1
POU2F1,1
POU2F3,1
POU5F2,1
POU6F2,1
PPAN,1
PPAN-P2RY11,1
PPAP2B,1
PPAPDC1A,1
PPAPDC2,1
PPARA,1
PPARG,1
PPARGC1B,1
PPEF2,1
PPFIA3,1
PPFIBP2,1
PPIL6,1
PPM1A,1
PPME1,1
PPP1R12C,1
PPP1R13B,1
PPP1R13L,1
PPP1R14B,1
PPP1R14D,1
PPP1R1B,1
PPP1R3C,1
PPP1R7,1
PPP1R9A,1
PPP2R2B,1
PPP2R2C,1
PPP2R3B,1
PPP2R5B,1
PPP3CA,1
PPP4C,1
PPP4R1,1
PPP5C,1
PPT2,1
PQLC3,1
PRAC,1
PRCP,1
PRDM11,1
PRDM13,1
PRDM14,1
PRDM2,1
PRDM8,1
PREB,1
PRF1,1
PRH1,1
PRIC285,1
PRICKLE3,1
PRIMA1,1
PRKA,1
PRKACA,1
PRKACG,1
PRKAG3,1
PRKAR1B,1
PRKCB,1
PRKCH,1
PRKCZ,1
PRKY,1
PRMT6,1
PRMT7,1
PROCA1,1
PROCR,1
PRODH,1
PROM2,1
PROP1,1
PROX1,1
PRPF6,1
PRR17,1
PRR3,1
PRR5,1
PRRT2,1
PRRX2,1
PRSS1,1
PRSS16,1
PRSS3,1
PRSSL1,1
PRTS11,1
PRTS23,1
PRUNE2,1
PSCD4,1
PSEN2,1
PSENEN,1
PSG11,1
PSG7,1
PSG8,1
PSKH2,1
PSMA4,1
PSMB8,1
PSMC4,1
PSMD14,1
PSMD4,1
PSMD5,1
PSMD8,1
PSMG3,1
PSMG4,1
PSORS1C2,1
PSTPIP1,1
PTCH2,1
PTCHD2,1
PTCRA,1
PTDSS1,1
PTER,1
PTGDS,1
PTGER4,1
PTGES,1
PTGIS,1
PTGS1,1
PTH2R,1
PTHR1,1
PTMS,1
PTP4A3,1
PTPLA,1
PTPLAD2,1
PTPN14,1
PTPN18,1
PTPN3,1
PTPN5,1
PTPN6,1
PTPN7,1
PTPRA,1
PTPRE,1
PTPRF,1
PTPRH,1
PTPRJ,1
PTPRN,1
PTPRN2,1
PTPRO,1
PTPRR,1
PTPRT,1
PTRF,1
PTTG2,1
PUNC,1
PURA,1
PURG,1
PVALB,1
PVT1,1
PWP1,1
PWP2,1
PYCRL,1
PYDC1,1
PYGL,1
PYGO1,1
PYY,1
PYY2,1
QPCT,1
QPRT,1
QSER1,1
QSOX1,1
QSOX2,1
RAB11FIP1,1
RAB11FIP3,1
RAB11FIP4,1
RAB14,1
RAB17,1
RAB22A,1
RAB27B,1
RAB32,1
RAB36,1
RAB37,1
RAB39B,1
RAB3B,1
RAB3IP,1
RAB6C,1
RABEP1,1
RABGGTA,1
RAC2,1
RAD52,1
RAET1G,1
RAET1L,1
RAFTLIN,1
RAI17,1
RAI2,1
RALGDS,1
RALYL,1
RAMP1,1
RAMP3,1
RAP1GAP,1
RAP1GDS1,1
RAP2B,1
RAPGEF1,1
RAPGEF3,1
RAPH1,1
RAPSN,1
RARA,1
RARG,1
RASAL1,1
RASD1,1
RASD2,1
RASGEF1A,1
RASGRF1,1
RASGRF2,1
RASGRP2,1
RASGRP4,1
RASIP1,1
RASL10B,1
RASL11A,1
RASL11B,1
RASSF2,1
RASSF4,1
RASSF5,1
RAVER1,1
RAX2,1
RBM11,1
RBM12,1
RBM15B,1
RBM23,1
RBM3,1
RBM6,1
RBP1,1
RBP2,1
RBP7,1
RCBTB2,1
RCN3,1
RD3,1
RDBP,1
RDH10,1
RDH12,1
RDH5,1
RDHE2,1
REC8,1
REEP2,1
REG1A,1
REG1P,1
REG3G,1
RELA,1
RELL2,1
RELN,1
RELT,1
RERG,1
RETN,1
RETNLB,1
REXO1,1
REXO1L1,1
RFPL3,1
RFTN1,1
RFWD2,1
RFX4,1
RGL4,1
Rgr,1
RGS10,1
RGS11,1
RGS14,1
RGS16,1
RGS20,1
RGS22,1
RGS3,1
RGS5,1
RGS7BP,1
RGS9BP,1
RHBDF2,1
RHOV,1
RHOXF1,1
RHOXF2,1
RIBC2,1
RILP,1
RIMS4,1
RIN3,1
RING1,1
RIPK3,1
RIS,1
RLBP1,1
RLBP1L1,1
RLBP1L2,1
RLN1,1
RLN3,1
RLTPR,1
RNASE4,1
RNASE8,1
RND1,1
RNF112,1
RNF113B,1
RNF122,1
RNF126,1
RNF130,1
RNF139,1
RNF144A,1
RNF152,1
RNF165,1
RNF167,1
RNF17,1
RNF212,1
RNF215,1
RNF25,1
RNF39,1
RNF41,1
RNLS,1
ROBO1,1
ROM1,1
ROR2,1
RP11-325P15.2,1
RP11-457P14.4,1
RP4-712E4.1,1
RP9P,1
RPAP1,1
RPE,1
RPGR,1
RPH3AL,1
RPL12,1
RPL13A,1
RPL18A,1
RPL27,1
RPL28,1
RPL31,1
RPL36,1
RPL39L,1
RPL3L,1
RPL5,1
RPL7A,1
RPL8,1
RPP21,1
RPP25,1
RPP40,1
RPRM,1
RPRML,1
RPS15,1
RPS21,1
RPS4Y1,1
RPS4Y2,1
RPS6KA3,1
RPS6KB2,1
RPUSD2,1
RQCD1,1
RRBP1,1
RREB1,1
RRP9,1
RSHL1,1
RSL1D1,1
RSPO1,1
RTBDN,1
RTEL1,1
RTN1,1
RTN4IP1,1
RTP1,1
RUFY1,1
RUNDC3A,1
RUNX1,1
RUNX2,1
RUSC1,1
RUSC2,1
RWDD1,1
RWDD2A,1
RXRA,1
RYR2,1
S100A11,1
S100A12,1
S100A13,1
S100A14,1
S100A2,1
S100A3,1
S100A4,1
S100A5,1
S100A6,1
S100A7A,1
S100A8,1
S100B,1
S100Z,1
SAA2,1
SAC3D1,1
SAG,1
SAGE1,1
SALF,1
SALL1,1
SALL2,1
SALL4,1
SAMD1,1
SAMD13,1
SAMD14,1
SAMD5,1
SAMM50,1
SAPS2,1
SARM1,1
SAT2,1
SATB1,1
SATB2,1
SATB2-FLJ32063,1
SBDS,1
SBF1,1
SBNO1,1
SBNO2,1
SBP1,1
SCAMP2,1
SCAND1,1
SCAND3,1
SCARA5,1
SCARF1,1
SCARF2,1
SCG5,1
SCGB1A1,1
SCGB1C1,1
SCML4,1
SCN4A,1
SCN5A,1
SCOC,1
SCRN2,1
SCRT1,1
SCT,1
SCTR,1
SCUBE1,1
SDAD1,1
SDCBP2,1
SDCCAG1,1
SDCCAG33,1
SDCCAG8,1
SDF2L1,1
SDHA,1
SDHD,1
SDPR,1
SDS,1
SDSL,1
SEBOX,1
SEC11C,1
SEC14L3,1
SEC14L4,1
SEC22A,1
SEC22L3,1
SEC31B,1
SELO,1
SELPLG,1
SEMA3B,1
SEMA3F,1
SEMA4A,1
SEMA4C,1
SEMA4G,1
SEMA5B,1
SEMA6A,1
SEMA6B,1
SEMA6C,1
SEMA7A,1
SEP5-,1
SEPN1,1
12-Sep,1
3-Sep,1
4-Sep,1
8-Sep,1
SEPX1,1
SERBP1,1
SERF2,1
SERHL,1
SERINC2,1
SERINC4,1
SERP2,1
SERPINA10,1
SERPINA13,1
SERPINA5,1
SERPINA6,1
SERPINB1,1
SERPINB2,1
SERPINB6,1
SERPINB8,1
SERPINB9,1
SERPINC1,1
SERPINF2,1
SERPINI1,1
SESN2,1
SETBP1,1
SETD4,1
SETD8,1
SETDB1,1
SEZ6,1
SEZ6L,1
SF3B14,1
SFMBT1,1
SFN,1
SFPQ,1
SFRP2,1
SFRP4,1
SFRP5,1
SFRS16,1
SFRS5,1
SFTPD,1
SFTPH,1
SFXN1,1
SFXN3,1
SFXN4,1
SGCD,1
SGCE,1
SGEF,1
SGIP1,1
SGK2,1
SGSH,1
SH2B2,1
SH2D1B,1
SH2D4B,1
SH3BGR,1
SH3BP1,1
SH3BP2,1
SH3BP4,1
SH3GLB1,1
SH3PXD2A,1
SHBG,1
SHC1,1
SHC2,1
SHC3,1
SHE,1
SHF,1
SHISA4,1
SHISA5,1
SHKBP1,1
SHMT2,1
SHROOM4,1
SIDT1,1
SIGLEC10,1
SIGLEC12,1
SIGLEC14,1
SIGLEC5,1
SIGLEC6,1
SIGLEC7,1
SIGLEC9,1
SIK1,1
SIL1,1
SIPA1,1
SIRPA,1
SIRPG,1
SIRT1,1
SIRT6,1
SIX1,1
SIX3,1
SIX5,1
SKAP1,1
SKI,1
SLA,1
SLA2,1
SLAIN2,1
SLBP,1
SLC03A1,1
SLC10A1,1
SLC10A4,1
SLC10A7,1
SLC11A1,1
SLC12A3,1
SLC12A4,1
SLC12A9,1
SLC13A4,1
SLC13A5,1
SLC15A3,1
SLC16A11,1
SLC16A12,1
SLC16A13,1
SLC16A8,1
SLC17A3,1
SLC17A7,1
SLC17A8,1
SLC18A3,1
SLC1A1,1
SLC1A2,1
SLC1A7,1
SLC22A1,1
SLC22A12,1
SLC22A14,1
SLC22A17,1
SLC22A18,1
SLC22A2,1
SLC22A4,1
SLC22A7,1
SLC23A3,1
SLC24A3,1
SLC25A11,1
SLC25A16,1
SLC25A18,1
SLC25A2,1
SLC25A24,1
SLC25A3,1
SLC25A31,1
SLC25A35,1
SLC25A39,1
SLC25A43,1
SLC26A10,1
SLC26A11,1
SLC26A2,1
SLC26A9,1
SLC27A3,1
SLC27A5,1
SLC28A2,1
SLC29A1,1
SLC2A1,1
SLC2A14,1
SLC2A7,1
SLC2A9,1
SLC30A10,1
SLC32A1,1
SLC34A1,1
SLC34A3,1
SLC35A4,1
SLC35E3,1
SLC35F2,1
SLC35F3,1
SLC36A1,1
SLC36A3,1
SLC37A1,1
SLC38A1,1
SLC38A3,1
SLC38A4,1
SLC38A5,1
SLC38A7,1
SLC38A8,1
SLC39A5,1
SLC40A1,1
SLC41A3,1
SLC44A5,1
SLC46A2,1
SLC46A3,1
SLC47A2,1
SLC4A3,1
SLC4A4,1
SLC5A10,1
SLC5A11,1
SLC5A2,1
SLC5A5,1
SLC5A7,1
SLC5A8,1
SLC6A1,1
SLC6A11,1
SLC6A12,1
SLC6A17,1
SLC6A2,1
SLC6A20,1
SLC6A8,1
SLC7A10,1
SLC7A14,1
SLC7A3,1
SLC7A4,1
SLC7A5,1
SLC7A7,1
SLC7A8,1
SLC7A9,1
SLC8A2,1
SLC8A3,1
SLC9A1,1
SLC9A3,1
SLCO4C1,1
SLFN12L,1
SLFN13,1
SLIT1,1
SLIT3,1
SLITRK3,1
SLITRK4,1
SLITRK5,1
SLK,1
SLMAP,1
SLN,1
SMAD3,1
SMAD9,1
SMARCA3,1
SMARCAL1,1
SMARCD3,1
SMC1L1,1
SMCR8,1
SMOC2,1
SMOX,1
SMPD4,1
SMTNL2,1
SMURF1,1
SMYD3,1
SNAI1,1
SNAI2,1
SNAP91,1
SNCAIP,1
SND1,1
SNN,1
SNORD123,1
snoU13,1
SNPH,1
SNRNP25,1
SNRPN,1
SNTG2,1
SNX11,1
SNX19,1
SNX22,1
SNX31,1
SNX32,1
SNX9,1
SOBP,1
SOCS1,1
SOCS2,1
SOD2,1
SORCS1,1
SORCS2,1
SORD,1
SOST,1
SOX1,1
SOX10,1
SOX11,1
SOX3,1
SOX5,1
SP140,1
SP140L,1
SP3,1
SP9,1
SPACA3,1
SPAG17,1
SPAG4,1
SPAG6,1
SPARC,1
SPATA19,1
SPATA21,1
SPATS1,1
SPECC1,1
SPEG,1
SPET6,1
SPG20,1
SPG3A,1
SPHKAP,1
SPIB,1
SPINK1,1
SPINK4,1
SPIRE1,1
SPIRE2,1
SPN,1
SPOCK2,1
SPON1,1
SPRR1A,1
SPRR1B,1
SPRR2A,1
SPRR2D,1
SPRR2E,1
SPRR2F,1
SPRR2G,1
SPRY2,1
SPRY4,1
SPSB2,1
SPSB3,1
SPTB,1
SPTBN4,1
SQLE,1
SRA1,1
SRD5A2,1
SREBF2,1
SRF,1
SRL,1
SRM,1
SRPR,1
SRPX,1
SRRM2,1
SRrp35,1
SRXN1,1
SSH1,1
SST,1
SSTR3,1
SSX3,1
ST3GAL3,1
ST6GALNAC3,1
ST6GALNAC5,1
ST8SIA1,1
ST8SIA3,1
ST8SIA5,1
STAC,1
STAC3,1
STAR,1
STARD3,1
STARD3NL,1
STARD6,1
STAT3,1
STAT4,1
STAT5A,1
STAT6,1
STAU2,1
STC1,1
STC2,1
STEAP4,1
STH,1
STIP1,1
STK11,1
STK25,1
STK31,1
STK32C,1
STK38,1
STMN2,1
STMN3,1
STOM,1
STOML3,1
STOX2,1
STRA8,1
STS,1
STX12,1
STX16,1
STX17,1
STX1B,1
SUHW2,1
SULF1,1
SULT1A1,1
SULT1A2,1
SUMO1,1
SUMO4,1
SURF1,1
SURF2,1
SUSD1,1
SUSD2,1
SUSD3,1
SUV420H1,1
SUV420H2,1
SUZ12,1
SV2A,1
SYCE2,1
SYCN,1
SYCP2L,1
SYCP3,1
SYDE1,1
SYK,1
SYMPK,1
SYN3,1
SYNE1,1
SYNE2,1
SYNGR2,1
SYNGR3,1
SYNPO2L,1
SYNPR,1
SYT11,1
SYT13,1
SYT17,1
SYT6,1
SYT9,1
T,1
TAAR2,1
TAAR5,1
TACC2,1
TACC3,1
TACR1,1
TADA3L,1
TAF15,1
TAF4,1
TAF6L,1
TAF7,1
TAF8,1
TAGLN,1
TAGLN2,1
TAL1,1
TAL2,1
TANC1,1
TAP2,1
TAPBP,1
TARS,1
TAS2R3,1
TAS2R49,1
TAS2R5,1
TAS2R50,1
TAX1BP1,1
TAX1BP3-TMEM93,1
TBC1D10C,1
TBC1D26,1
TBC1D28,1
TBC1D29,1
TBC1D30,1
TBC1D4,1
TBL1XR1,1
TBL3,1
TBR1,1
TBX1,1
TBX10,1
TBX18,1
TBX19,1
TBX2,1
TBX20,1
TBX22,1
TBX4,1
TC2N,1
TCEA2,1
TCEB1,1
TCEB3B,1
TCEB3C,1
TCERG1L,1
TCF15,1
TCF19,1
TCF20,1
TCF21,1
TCF3,1
TCF4,1
TCFL5,1
TCL1A,1
TCL1B,1
TCN2,1
TCP10L,1
TCP11,1
TCP11L2,1
TCTEX1D1,1
TD1,1
TDGF1,1
TDRD10,1
TDRD5,1
TDRKH,1
TEAD2,1
TEB1,1
TEKT3,1
TEKT5,1
TEM8,1
TENC1,1
TES,1
TESC,1
TESSP5,1
TET1,1
TEX101,1
TFAP2B,1
TFEB,1
TGFA,1
TGFB1I1,1
TGFB2,1
TGFB3,1
TGFBI,1
TGFBR2,1
TGIF,1
TGIF1,1
TGIF2,1
TGM2,1
TGM4,1
TGM6,1
THAP11,1
THAP4,1
THAP7,1
THBS2,1
THBS3,1
THOC6,1
THPO,1
THRA,1
THY1,1
TIAM2,1
TICAM1,1
TIGD7,1
TIGIT,1
TIMM13,1
TIMM17A,1
TIMM22,1
TIMP1,1
TIMP2,1
TIMP4,1
TINAGL1,1
TINP1,1
TIPARP,1
TIRAP,1
TJP2,1
TLN1,1
TLN2,1
TLR5,1
TLR6,1
TLR9,1
TM4SF19,1
TM4SF20,1
TM6SF1,1
TM6SF2,1
TM9SF4,1
TMBIM1,1
TMC1,1
TMC2,1
TMC5,1
TMCO3,1
TMCO4,1
TMED2,1
TMED6,1
TMEFF1,1
TMEFF2,1
TMEM109,1
TMEM121,1
TMEM125,1
TMEM129,1
TMEM130,1
TMEM132A,1
TMEM132D,1
TMEM145,1
TMEM151A,1
TMEM155,1
TMEM162,1
TMEM163,1
TMEM16E,1
TMEM173,1
TMEM175,1
TMEM176A,1
TMEM177,1
TMEM185A,1
TMEM192,1
TMEM196,1
TMEM208,1
TMEM219,1
TMEM22,1
TMEM27,1
TMEM30B,1
TMEM33,1
TMEM37,1
TMEM40,1
TMEM41A,1
TMEM42,1
TMEM45B,1
TMEM51,1
TMEM59L,1
TMEM63B,1
TMEM64,1
TMEM74,1
TMEM81,1
TMEM85,1
TMEM86B,1
TMEM9,1
TMEM90B,1
TMEM91,1
TMOD1,1
TMOD4,1
TMPRSS2,1
TMPRSS4,1
TMPRSS6,1
TMTC1,1
TMTC4,1
TNC,1
TNF,1
TNFAIP2,1
TNFRSF10A,1
TNFRSF13C,1
TNFRSF17,1
TNFRSF19,1
TNFRSF25,1
TNFRSF8,1
TNFSF10,1
TNFSF13B,1
TNFSF15,1
TNFSF8,1
TNNC1,1
TNNI3,1
TNP2,1
TNPO1,1
TNRC6C,1
TNS4,1
TNXB,1
TOB1,1
TOMM7,1
TOP1MT,1
TOP3A,1
TOR1AIP2,1
TOR1B,1
TOX,1
TOX3,1
TP53BP1,1
TP53I13,1
TP53I3,1
TPBG,1
TPCN2,1
TPD52L3,1
TPI1,1
TPM2,1
TPPP,1
TPRA1,1
TPRX1,1
TPRXL,1
TPSG1,1
TPTE,1
TRA2A,1
TRAF2,1
TRAF3IP1,1
TRAF6,1
TRAF7,1
TRAK1,1
TRAM1,1
TRAP1,1
TREH,1
TREM2,1
TREML2,1
TRHDE,1
TRIAD3,1
TRIB1,1
TRIB2,1
TRIB3,1
TRIM11,1
TRIM15,1
TRIM17,1
TRIM26,1
TRIM31,1
TRIM32,1
TRIM34,1
TRIM36,1
TRIM38,1
TRIM41,1
TRIM42,1
TRIM46,1
TRIM47,1
TRIM58,1
TRIM59,1
TRIM63,1
TRIM71,1
TRIM72,1
TRIM9,1
TRIML1,1
TRIO,1
TRIOBP,1
TRIT1,1
TRNT1,1
TROVE2,1
TRPA1,1
TRPC1,1
TRPC5,1
TRPC6,1
TRPM5,1
TRPV1,1
TRPV2,1
TRPV5,1
TRUB1,1
TSC2,1
TSC22D4,1
TSGA10,1
TSGA10IP,1
TSHR,1
TSHZ1,1
TSLP,1
TSNARE1,1
TSNAX,1
TSP50,1
TSPAN10,1
TSPAN11,1
TSPAN12,1
TSPAN16,1
TSPAN17,1
TSPAN18,1
TSPAN2,1
TSPAN3,1
TSPAN33,1
TSPY26P,1
TSPYL6,1
TSSC1,1
TSSK2,1
TST,1
TTBK1,1
TTC15,1
TTC16,1
TTC31,1
TTC32,1
TTLL12,1
TTLL2,1
TTLL3,1
TTLL6,1
TTLL9,1
TTR,1
TTTY14,1
TTYH2,1
TUB,1
TUBA1A,1
TUBA1C,1
TUBA3E,1
TUBA4B,1
TUBB1,1
TUBB4,1
TUBB8,1
TUBG1,1
TUBGCP4,1
TUBULN5,1
TXK,1
TXNDC17,1
TXNDC2,1
TXNDC3,1
TXNDC5,1
TXNDC6,1
TXNIP,1
TXNL1,1
TXNRD1,1
TYROBP,1
TYW1,1
U1,1
U2AF2,1
U50B,1
UBASH3A,1
UBD,1
UBE2I,1
UBE2U,1
UBQLN3,1
UBR2,1
UBXD3,1
UBXD8,1
UCHL1,1
UCHL5,1
UCK1,1
UCKL1,1
UCN3,1
UCP1,1
UCP2,1
UCP3,1
UFSP1,1
UGT1A3,1
UGT3A2,1
UGT8,1
UHRF2,1
ULBP2,1
ULBP3,1
ULK1,1
ULK2,1
ULK3,1
UNC13A,1
UNC13B,1
UNC5A,1
UNCX,1
UNCX4.1,1
UNK,1
UNQ1940,1
UNQ5810,1
UNQ830,1
UNQ9438,1
UPK1A,1
UPK3A,1
UPP1,1
UPP2,1
UQCRC1,1
UROC1,1
UROD,1
USF2,1
USH1C,1
USH1G,1
USHBP1,1
USP11,1
USP19,1
USP33,1
USP35,1
USP5,1
USP52,1
USP9X,1
UST,1
UTP14C,1
UTS2R,1
UTX,1
VAMP2,1
VANGL1,1
VASH1,1
VASH2,1
VASN,1
VAT1,1
VAV3,1
VCAN,1
VCP,1
VCX2,1
VDAC1,1
VDAC3,1
VEGFA,1
VIL1,1
VIM,1
VIPR1,1
VIT,1
VMD2L2,1
VMO1,1
VN1R1,1
VNN2,1
VPREB1,1
VPREB3,1
VPS13A,1
VPS18,1
VPS28,1
VPS33A,1
VPS33B,1
VPS37D,1
VSIG8,1
VSIG9,1
VSTM1,1
VSTM2A,1
VTCN1,1
VTN,1
VWA3B,1
WASPIP,1
WBP11,1
WBSCR14,1
WBSCR28,1
WDFY1,1
WDR17,1
WDR18,1
WDR21A,1
WDR23,1
WDR33,1
WDR39,1
WDR40A,1
WDR41,1
WDR45,1
WDR46,1
WDR49,1
WDR5,1
WDR52,1
WDR57,1
WDR6,1
WDR61,1
WDR65,1
WDR66,1
WDR69,1
WDR71,1
WDR82,1
WDR85,1
WFDC1,1
WFDC10B,1
WFDC12,1
WIZ,1
WNK1,1
WNK2,1
WNT10A,1
WNT3A,1
WNT4,1
WNT5A,1
WNT6,1
WNT7A,1
WNT7B,1
WNT8A,1
WRN,1
WSCD1,1
WT1-AS,1
WWP2,1
WWTR1,1
XK,1
XKR4,1
XLKD1,1
XRCC1,1
XRCC3,1
XTP3TPA,1
XYLB,1
YBX2,1
YIPF2,1
YTHDF1,1
YWHAB,1
ZACN,1
ZADH2,1
ZAR1,1
ZBBX,1
ZBED2,1
ZBED3,1
ZBED4,1
ZBP1,1
ZBTB1,1
ZBTB12,1
ZBTB16,1
ZBTB24,1
ZBTB25,1
ZBTB4,1
ZBTB40,1
ZBTB45,1
ZBTB46,1
ZBTB48,1
ZBTB9,1
ZC3H11A,1
ZC3H12D,1
ZC3H3,1
ZC3H7A,1
ZC3HAV1,1
ZC3HAV1L,1
ZCCHC16,1
ZCCHC5,1
ZDHHC1,1
ZDHHC18,1
ZDHHC24,1
ZDHHC4,1
ZEB1,1
ZEB2,1
ZFAND2A,1
ZFHX2,1
ZFP28,1
ZFP36,1
ZFP36L2,1
ZFP42,1
ZFP57,1
ZFP90,1
ZFPM1,1
ZFPM2,1
ZFYVE19,1
ZFYVE21,1
ZH2C2,1
ZHX1,1
ZHX2,1
ZIC1,1
ZIC2,1
ZIC4,1
ZKSCAN7,1
ZMYM5,1
ZMYND10,1
ZMYND11,1
ZMYND15,1
ZMYND17,1
ZMYND8,1
ZNF132,1
ZNF137,1
ZNF141,1
ZNF143,1
ZNF157,1
ZNF165,1
ZNF181,1
ZNF184,1
ZNF185,1
ZNF214,1
ZNF215,1
ZNF217,1
ZNF219,1
ZNF233,1
ZNF235,1
ZNF236,1
ZNF248,1
ZNF251,1
ZNF274,1
ZNF280B,1
ZNF282,1
ZNF283,1
ZNF285A,1
ZNF296,1
ZNF323,1
ZNF326,1
ZNF329,1
ZNF331,1
ZNF362,1
ZNF364,1
ZNF385,1
ZNF385A,1
ZNF385B,1
ZNF394,1
ZNF408,1
ZNF414,1
ZNF418,1
ZNF454,1
ZNF461,1
ZNF467,1
ZNF469,1
ZNF483,1
ZNF496,1
ZNF497,1
ZNF501,1
ZNF512,1
ZNF517,1
ZNF518B,1
ZNF524,1
ZNF537,1
ZNF556,1
ZNF558,1
ZNF574,1
ZNF575,1
ZNF577,1
ZNF580,1
ZNF593,1
ZNF597,1
ZNF608,1
ZNF610,1
ZNF611,1
ZNF616,1
ZNF649,1
ZNF660,1
ZNF688,1
ZNF690,1
ZNF692,1
ZNF7,1
ZNF70,1
ZNF714,1
ZNF732,1
ZNF774,1
ZNF786,1
ZNF80,1
ZNF833,1
ZNF839,1
ZNF96,1
ZNF99,1
ZNHIT1,1
ZNHIT3,1
ZNRF1,1
ZP2,1
ZPBP,1
ZSCAN18,1
ZSCAN20,1
ZSCAN22,1
ZSCAN23,1
ZSCAN29,1
ZSCAN5,1
ZSWIM2,1
ZYG11B,1
ZYX,1
